/*
SQLyog Ultimate v13.1.1 (64 bit)
MySQL - 5.5.36 : Database - alumni
*********************************************************************
*/

/*!40101 SET NAMES utf8 */;

/*!40101 SET SQL_MODE=''*/;

/*!40014 SET @OLD_UNIQUE_CHECKS=@@UNIQUE_CHECKS, UNIQUE_CHECKS=0 */;
/*!40014 SET @OLD_FOREIGN_KEY_CHECKS=@@FOREIGN_KEY_CHECKS, FOREIGN_KEY_CHECKS=0 */;
/*!40101 SET @OLD_SQL_MODE=@@SQL_MODE, SQL_MODE='NO_AUTO_VALUE_ON_ZERO' */;
/*!40111 SET @OLD_SQL_NOTES=@@SQL_NOTES, SQL_NOTES=0 */;
CREATE DATABASE /*!32312 IF NOT EXISTS*/`alumni` /*!40100 DEFAULT CHARACTER SET utf8 */;

USE `alumni`;

/*Table structure for table `chatmsg` */

DROP TABLE IF EXISTS `chatmsg`;

CREATE TABLE `chatmsg` (
  `senduserid` varchar(64) DEFAULT NULL COMMENT '发送者id',
  `reciveuserid` varchar(64) DEFAULT NULL COMMENT '接收者id',
  `content` text COMMENT '发送内容',
  `sendtime` timestamp NULL DEFAULT CURRENT_TIMESTAMP COMMENT '发送时间',
  `msgtype` varchar(64) DEFAULT NULL COMMENT '消息类型'
) ENGINE=InnoDB DEFAULT CHARSET=utf8mb4 ROW_FORMAT=COMPACT;

/*Data for the table `chatmsg` */

insert  into `chatmsg`(`senduserid`,`reciveuserid`,`content`,`sendtime`,`msgtype`) values 
('1577713712942250291','1582184795951594874','你好','2020-04-18 18:07:49','0'),
('1582184795951594874','1577713712942250291','有人吗','2020-04-26 15:43:47','0'),
('1577713712942250291','1582184795951594874','你好','2020-04-26 15:46:51','0'),
('1582184795951594874','1577713712942250291','','2020-04-26 15:47:42','0'),
('1577713712942250291','1582184795951594874','','2020-04-26 15:47:56','0'),
('1577713712942250291','1582184795951594874','你好，想问你一些问题可以吗？','2020-05-17 14:09:30','0'),
('1582184795951594874','1577713712942250291','什么事','2020-05-17 14:11:19','0'),
('1577713712942250291','1582184795951594874','','2020-05-17 14:11:41','0'),
('1582184795951594874','1577713712942250291','111','2021-02-25 10:58:00','0'),
('1577713712942250291','1582184795951594874','2222','2021-02-25 10:58:09','0'),
('1577713712942250291','1582184795951594874','1111','2021-02-25 10:58:41','0'),
('1582184795951594874','1577713712942250291','222','2021-02-25 10:58:43','0'),
('1577713712942250291','1582184795951594874','222','2021-02-25 10:58:46','0'),
('1582184795951594874','1577713712942250291','222','2021-02-25 10:58:49','0'),
('1582184795951594874','1577713712942250291','111','2021-02-25 10:58:52','0'),
('1577713712942250291','1582184795951594874','2222','2021-02-25 10:58:53','0'),
('1577713712942250291','1587889073148226284','1111','2021-02-25 11:51:58','0'),
('1587889073148226284','1577713712942250291','2222','2021-02-25 11:52:04','0'),
('1587889073148226284','1577713712942250291','111','2021-02-25 11:52:07','0'),
('1582184795951594874','1577713712942250291','111','2021-02-25 12:04:47','0'),
('1577713712942250291','1582184795951594874','222','2021-02-25 12:05:01','0'),
('1582184795951594874','1577713712942250291','111','2021-02-25 12:05:03','0'),
('1577713712942250291','1582184795951594874','111','2021-03-08 12:33:20','0'),
('1582184795951594874','1577713712942250291','22121','2021-03-08 12:33:30','0'),
('1577713712942250291','1582184795951594874','你好','2021-03-08 13:04:23','0'),
('1582184795951594874','1577713712942250291','111','2021-03-08 13:04:28','0'),
('1582184795951594874','1577713712942250291','你好','2021-03-08 13:19:00','0'),
('1582184795951594874','1577713712942250291','11','2021-03-08 13:19:28','0'),
('1582184795951594874','1577713712942250291','亲们','2021-03-08 13:19:55','0'),
('1577713712942250291','1582184795951594874','你好','2021-03-08 13:20:09','0'),
('1582184795951594874','1577713712942250291','123','2021-03-08 13:20:26','0'),
('1577713712942250291','1582184795951594874','123','2021-03-08 13:22:50','0'),
('1589644044287166342','1577713712942250291','123','2021-03-13 20:30:11','0'),
('1577713712942250291','1589644044287166342','face[微笑] ','2021-03-13 20:30:50','0'),
('1577713712942250291','1589644044287166342','face[微笑] ','2021-03-13 23:01:31','0'),
('1589694955949934523','1616848354017596308','1','2021-03-30 10:21:40','0'),
('1616848354017596308','1589694955949934523','face[微笑] ','2021-03-30 10:21:54','0'),
('1589694955949934523','1616848354017596308','face[拜拜] ','2021-03-30 10:22:03','0'),
('1616848354017596308','1589694955949934523','1','2021-03-30 14:14:27','0'),
('1616848354017596308','1589694955949934523','1','2021-03-30 14:14:36','0'),
('1589694955949934523','1616848354017596308','1','2021-03-30 14:14:45','0'),
('1589694955949934523','1616848354017596308','1','2021-03-30 14:15:08','0'),
('1589694955949934523','1616848354017596308','1','2021-03-30 14:15:20','0'),
('1616848354017596308','1589694955949934523','1','2021-03-30 14:15:33','0'),
('1616848354017596308','1589694955949934523','[pre class=layui-code]<h1>你好</h1>[/pre]','2021-03-30 14:16:08','0'),
('1616848354017596308','1589694955949934523','1','2021-03-30 14:32:16','0'),
('1589694955949934523','1616848354017596308','1','2021-03-30 14:32:26','0'),
('1616848354017596308','1589694955949934523','11','2021-03-30 14:32:32','0'),
('1616848354017596308','1589694955949934523','1','2021-03-30 14:32:38','0'),
('1589694955949934523','1616848354017596308','1','2021-03-30 14:34:24','0'),
('1616848354017596308','1589694955949934523','1','2021-03-30 14:40:05','0'),
('1616848354017596308','1589694955949934523','1','2021-03-30 14:40:18','0'),
('1589694955949934523','1616848354017596308','1','2021-03-30 14:40:25','0'),
('1589694955949934523','1616848354017596308','1','2021-03-30 14:40:31','0'),
('1616848354017596308','1582184795951594874','face[挖鼻] ','2021-04-06 16:36:36','0'),
('1616848354017596308','1582184795951594874','face[微笑] ','2021-04-08 08:50:50','0'),
('1616848354017596308','1582184795951594874','face[微笑] ','2021-04-24 21:38:44','0'),
('1589694955949934523','1616848354017596308','1','2021-04-24 21:41:33','0'),
('1616848354017596308','1589694955949934523','1','2021-04-24 21:41:53','0'),
('1616848354017596308','1589694955949934523','123','2021-04-24 21:56:21','0'),
('1589694955949934523','1616848354017596308','21312','2021-04-24 21:56:38','0'),
('1616848354017596308','1589694955949934523','face[嘻嘻] ','2021-04-24 21:56:44','0'),
('1616848354017596308','1589694955949934523','face[嘻嘻] ','2021-04-27 09:16:39','0'),
('1616848354017596308','1616848354017596308','1','2021-05-16 11:16:15','0'),
('1616848354017596308','1616848354017596308','你好呀！face[微笑] ','2021-05-22 20:33:12','0'),
('1616848354017596308','1616848354017596308','face[生病] ','2021-05-24 16:09:40','0'),
('1616848354017596308','1589694955949934523','face[可爱] ','2021-05-24 16:09:47','0'),
('1616848354017596308','1589694955949934523','face[右哼哼] ','2021-05-24 16:10:00','0'),
('1616848354017596308','1589694955949934523','1','2021-06-04 08:40:28','0'),
('1622768076245155194','1622767775990369106','face[微笑] ','2021-06-04 08:55:45','0'),
('1621842484615841542','1622767775990369106','face[微笑] ','2021-06-04 10:08:27','0'),
('1621842484615841542','1622767775990369106','face[微笑] ','2021-06-04 10:11:07','0'),
('1622767775990369106','1621842484615841542','face[哈哈] ','2021-06-04 10:11:12','0');

/*Table structure for table `comment` */

DROP TABLE IF EXISTS `comment`;

CREATE TABLE `comment` (
  `id` int(11) NOT NULL AUTO_INCREMENT,
  `content` varchar(1024) DEFAULT NULL,
  `parent_id` int(11) DEFAULT NULL,
  `type` int(11) DEFAULT NULL,
  `user_id` varchar(60) DEFAULT NULL,
  `create_time` datetime DEFAULT NULL,
  `update_time` datetime DEFAULT NULL,
  `like_count` int(11) DEFAULT NULL,
  `question_id` int(11) DEFAULT NULL,
  PRIMARY KEY (`id`)
) ENGINE=InnoDB AUTO_INCREMENT=62 DEFAULT CHARSET=utf8;

/*Data for the table `comment` */

insert  into `comment`(`id`,`content`,`parent_id`,`type`,`user_id`,`create_time`,`update_time`,`like_count`,`question_id`) values 
(2,'评论内容',0,0,'1616848354017596308','2020-01-01 00:00:00','2020-01-01 00:00:00',10,21),
(3,'<p><span style=\"color: rgb(249, 150, 59);\">测试评论</span></p>',0,0,'1616848354017596308','2020-04-10 15:21:12','2020-04-10 15:21:12',4,21),
(4,'<p><span style=\"color: rgb(28, 72, 127);\">最新评论</span></p>',0,0,'1','2020-04-10 15:31:35','2020-04-10 15:31:35',2,21),
(5,'<p><img src=\"/static/images/faces/1.gif\" alt=\"[贱笑]\" data-w-e=\"1\">哈哈哈笑话！！<br></p>',0,0,'1616848354017596308','2020-04-10 16:45:45','2020-04-10 16:45:45',2,21),
(6,'这是一条回复',5,1,'1','2020-01-01 00:00:00','2020-01-01 00:00:00',2,21),
(7,'这是一条回复',5,1,'1','2020-01-01 00:00:00','2020-01-01 00:00:00',2,21),
(8,'这是一条回复',5,1,'1616848354017596308','2020-01-01 00:00:00','2020-01-01 00:00:00',2,21),
(9,'回复平',2,1,'1','2020-04-10 22:30:04','2020-04-10 22:30:04',0,21),
(10,'回复平',5,1,'1616848354017596308','2020-04-10 22:39:16','2020-04-10 22:39:16',0,21),
(11,'回复平',5,1,'1','2020-04-10 22:42:09','2020-04-10 22:42:09',0,21),
(12,'测试二级回复！',5,1,'1','2020-04-11 10:20:43','2020-04-11 10:20:43',0,21),
(13,'测试回复',3,1,'1','2020-04-11 10:21:07','2020-04-11 10:21:07',0,21),
(14,'测试回复！！！！',4,1,'1616848354017596308','2020-04-11 10:21:14','2020-04-11 10:21:14',0,21),
(15,'再次测试回复！',3,1,'1','2020-04-11 10:23:35','2020-04-11 10:23:35',0,21),
(16,'测试测试',3,1,'1','2020-04-11 10:25:43','2020-04-11 10:25:43',0,21),
(17,'<p>来啦 回复！！！！</p>',0,0,'1','2020-04-11 10:25:55','2020-04-11 10:25:55',1,20),
(18,'<p>评论来了来了！！！<img src=\"/static/images/faces/1.gif\" alt=\"[贱笑]\" data-w-e=\"1\"></p>',0,0,'1','2020-04-11 10:55:05','2020-04-11 10:55:05',0,17),
(19,'<p>又来一条！！</p>',0,0,'1','2020-04-11 10:56:36','2020-04-11 10:56:36',0,17),
(20,'<p>我来评论啦！！！！</p>',0,0,'1','2020-04-11 11:00:13','2020-04-11 11:00:13',0,16),
(21,'我路过了',20,1,'1','2020-04-11 11:00:46','2020-04-11 11:00:46',0,16),
(22,'<p>我来评论啦&nbsp; &nbsp;亚瑟在此</p>',0,0,'2','2020-04-12 11:52:00','2020-04-12 11:52:00',0,21),
(23,'我是亚瑟',5,1,'2','2020-04-12 11:53:06','2020-04-12 11:53:06',0,21),
(26,'<p><img src=\"/static/images/faces/1.gif\" alt=\"[贱笑]\" data-w-e=\"1\">测试评论啦！！！<br></p>',0,0,'1','2020-04-12 17:20:49','2020-04-12 17:20:49',0,22),
(27,'<p>自己评论自己！！</p>',0,0,'1','2020-04-12 22:47:32','2020-04-12 22:47:32',0,17),
(30,'哈哈哈，为什么不相信？',28,1,'1','2020-04-12 22:56:54','2020-04-12 22:56:54',0,23),
(31,'啊啊啊为什么',28,1,'1','2020-04-12 23:04:27','2020-04-12 23:04:27',0,23),
(32,'<p>自己评论自己嘛</p>',0,0,'1','2020-04-12 23:04:38','2020-04-12 23:04:38',0,23),
(33,'那我来评论你 亚瑟',29,1,'1','2020-04-12 23:25:26','2020-04-12 23:25:26',0,24),
(34,'<p>亚瑟来也</p>',0,0,'2','2020-04-12 23:27:12','2020-04-12 23:27:12',0,17),
(36,'<p>尼玛尼玛</p>',0,0,'1','2020-05-31 09:47:25','2020-05-31 09:47:25',0,24),
(37,'<p>dfdsafa</p>',0,0,NULL,'2021-04-22 11:48:52','2021-04-22 11:48:52',0,21),
(38,'<p>fsdaf</p>',0,0,NULL,'2021-04-22 11:49:07','2021-04-22 11:49:07',0,21),
(39,'<p>fasdfa</p>',0,0,NULL,'2021-04-22 11:49:12','2021-04-22 11:49:12',0,21),
(40,'<p>fasdf</p>',0,0,NULL,'2021-04-22 11:49:45','2021-04-22 11:49:45',0,32),
(41,'<p>fsdafa</p>',0,0,NULL,'2021-04-22 11:51:08','2021-04-22 11:51:08',0,32),
(42,'<p>fasdfa</p>',0,0,'1616848354017596308','2021-04-22 11:52:35','2021-04-22 11:52:35',5,32),
(43,'<p><img src=\"/layim/layui/images/face/0.gif\" alt=\"[微笑]\" data-w-e=\"1\"><br></p>',0,0,'1616848354017596308','2021-04-22 11:54:03','2021-04-22 11:54:03',1,23),
(44,'123',42,1,'1616848354017596308','2021-04-22 23:27:17','2021-04-22 23:27:17',0,0),
(45,'fwar',42,1,'1616848354017596308','2021-04-22 23:27:24','2021-04-22 23:27:24',0,0),
(46,'<p>dfa</p>',0,0,'1616848354017596308','2021-04-22 23:30:32','2021-04-22 23:30:32',0,31),
(47,'fadf',46,1,'1616848354017596308','2021-04-22 23:30:35','2021-04-22 23:30:35',0,0),
(48,'fad',42,1,'1616848354017596308','2021-04-22 23:31:21','2021-04-22 23:31:21',0,0),
(49,'fdsf',42,1,'1616848354017596308','2021-04-22 23:33:19','2021-04-22 23:33:19',0,0),
(50,'<p>dasdas</p>',0,0,'1616848354017596308','2021-04-24 21:37:43','2021-04-24 21:37:43',2,32),
(51,'sd',50,1,'1616848354017596308','2021-04-24 21:37:48','2021-04-24 21:37:48',0,0),
(52,'<p>eqweqw</p>',0,0,'1616848354017596308','2021-04-24 21:55:13','2021-04-24 21:55:13',6,34),
(53,'1234e',52,1,'1616848354017596308','2021-04-24 21:55:23','2021-04-24 21:55:23',0,0),
(54,'<p style=\"text-align: center;\"><span style=\"font-weight: bold;\">FASDFHA</span></p><p style=\"text-align: center;\"><img src=\"https://fanyi-cdn.cdn.bcebos.com/static/translation/img/header/logo_e835568.png\" style=\"max-width:100%;\"><span style=\"font-weight: bold;\"><br></span></p><p style=\"text-align: left;\">&nbsp; &nbsp; &nbsp; &nbsp; &nbsp; &nbsp; FASDFASDFDFASDFASDFADSFFASDFASDFDASFAFFFFFFFFFFFFFFFFFFFFFFFFFFFFFFFFFFFFFFFFFFFFFFFDFASDFASDFASDFASDFAAAAFFFFFFFFFFFFFFFFFFFFFFFFFFFFFFFFFFFFFFFFFFFFFFFFFFFFFFFFFFFFFFFFFFFFFFFFFFFFFFFFF</p><p style=\"text-align: left;\">F</p><p style=\"text-align: left;\">ASDFASDFA</p><p style=\"text-align: left;\"><br></p><p style=\"text-align: left;\">FASDFASDF</p>',0,0,'1616848354017596308','2021-05-08 15:46:08','2021-05-08 15:46:08',0,28),
(55,'123111',52,1,'1622771834289894992','2021-06-04 09:58:57','2021-06-04 09:58:57',0,0),
(56,'<p>123131</p>',0,0,'1622771834289894992','2021-06-04 09:59:01','2021-06-04 09:59:01',0,34),
(57,'<p>123123</p>',0,0,'1621842484615841542','2021-06-04 10:04:37','2021-06-04 10:04:37',1,35),
(58,'312',57,1,'1621842484615841542','2021-06-04 10:04:41','2021-06-04 10:04:41',0,0),
(59,'<p>12312</p>',0,0,'1621842484615841542','2021-06-04 10:12:10','2021-06-04 10:12:10',1,36),
(60,'31231',59,1,'1621842484615841542','2021-06-04 10:12:15','2021-06-04 10:12:15',0,0),
(61,'<p>31</p>',0,0,'1621842484615841542','2021-06-04 10:12:17','2021-06-04 10:12:17',0,36);

/*Table structure for table `friends` */

DROP TABLE IF EXISTS `friends`;

CREATE TABLE `friends` (
  `id` int(11) NOT NULL AUTO_INCREMENT,
  `userid` varchar(64) DEFAULT NULL COMMENT '?û?id',
  `fuserid` varchar(64) DEFAULT NULL COMMENT '????id',
  `addtime` timestamp NULL DEFAULT CURRENT_TIMESTAMP,
  PRIMARY KEY (`id`)
) ENGINE=InnoDB AUTO_INCREMENT=78 DEFAULT CHARSET=utf8mb4;

/*Data for the table `friends` */

insert  into `friends`(`id`,`userid`,`fuserid`,`addtime`) values 
(1,'1616848354017596308','1582184795951594874','2020-04-18 18:04:45'),
(2,'1582184795951594874','1577713712942250291','2020-04-18 18:04:47'),
(7,'1616848354017596308','1587889073148226284','2021-02-25 11:51:51'),
(8,'1587889073148226284','1577713712942250291','2021-02-25 11:51:51'),
(9,'1589628308220845788','1582184795951594874','2021-03-08 13:09:53'),
(10,'1582184795951594874','1589628308220845788','2021-03-08 13:09:53'),
(11,'1589694955949934523','1616848354017596308','2021-03-13 20:28:29'),
(12,'1616848354017596308','1589694955949934523','2021-03-13 20:28:29'),
(13,'1616848354017596308','123122313123','2021-05-16 11:11:14'),
(41,'1616848354017596308','1616848354017596308','2021-05-16 11:46:42'),
(42,'1616848354017596308','1619272392944817812','2021-05-16 11:46:53'),
(43,NULL,'123122313123','2021-05-18 10:46:35'),
(44,NULL,'1619272392944817814','2021-05-19 17:16:32'),
(45,'1582184795951594874','1582184795951399057','2021-05-19 17:18:06'),
(46,'1616848354017596308','1619272392944817810','2021-05-19 17:19:01'),
(47,'1616848354017596308','1619272392944817810','2021-05-19 17:20:54'),
(48,'1621842484615841542','1589628308220845788','2021-05-24 16:04:56'),
(49,'1621842484615841542','1589628308220845788','2021-05-24 16:05:14'),
(50,'1621842484615841542','1621842484615841542','2021-05-24 16:05:22'),
(51,'1621842484615841542','1589628308220845788','2021-05-24 16:05:38'),
(52,'1616848354017596308','1621842484615841542','2021-05-24 16:08:38'),
(53,'1616848354017596308','1589628308220845788','2021-05-24 16:09:22'),
(54,'1621842484615841542','1616848354017596308','2021-06-04 08:51:36'),
(55,'1622768076245155194','1622767775990369106','2021-06-04 08:55:36'),
(56,'1622767775990369106','1622767775990369106','2021-06-04 08:56:05'),
(57,'1622767775990369106','1622767775990369106','2021-06-04 08:56:11'),
(58,'1622767775990369106','1622767775990369106','2021-06-04 08:56:22'),
(59,'1622767775990369106','1622767775990369106','2021-06-04 08:57:24'),
(71,'1622771647101405863','1589628308220845788','2021-06-04 09:54:29'),
(72,'1622771647101405863','1589628308220845788','2021-06-04 09:54:48'),
(73,'1622771647101405863','1589627579283677652','2021-06-04 09:55:01'),
(74,'1622771834289894992','1622767775990369106','2021-06-04 09:57:45'),
(75,'1621842484615841542','1622767775990369106','2021-06-04 10:03:24'),
(76,'1622767775990369106','1621842484615841542','2021-06-04 10:09:45'),
(77,'1621842484615841542','1621842484615841542','2021-06-04 10:10:58');

/*Table structure for table `login` */

DROP TABLE IF EXISTS `login`;

CREATE TABLE `login` (
  `id` varchar(64) NOT NULL COMMENT '登录id',
  `userid` varchar(64) DEFAULT NULL COMMENT '用户id',
  `roleid` int(10) DEFAULT '1' COMMENT '角色id 1普通用户 2管理员 3超级管理员',
  `username` varchar(255) DEFAULT NULL COMMENT '用户名',
  `password` varchar(255) DEFAULT NULL COMMENT '用户密码',
  `mobilephone` varchar(255) DEFAULT NULL COMMENT '手机号',
  `userstatus` int(10) DEFAULT '1' COMMENT '1正常 0封号',
  PRIMARY KEY (`id`)
) ENGINE=InnoDB DEFAULT CHARSET=utf8mb4;

/*Data for the table `login` */

insert  into `login`(`id`,`userid`,`roleid`,`username`,`password`,`mobilephone`,`userstatus`) values 
('1582184795951399057','1582184795951594874',2,'ldd','1cd75ca00db28072479992f87d4a647e','15239670412',1),
('1587916027545989364','1587889073148226284',1,'张仪柔','1cd75ca00db28072479992f87d4a647e','123456783',1),
('1587916417975156426','1577713712942250291',2,'贺梓杰','1cd75ca00db28072479992f87d4a647e','15239670411',1),
('1589627579283989738','1589627579283677652',1,'郭逸凡','1cd75ca00db28072479992f87d4a647e','123456784',1),
('1589628285110931399','1589628308220845788',3,'admin','1cd75ca00db28072479992f87d4a647e','admin',1),
('1589644044287650587','1589644044287166342',1,'夏利强','1cd75ca00db28072479992f87d4a647e','123456785',1),
('1589680953404999878','1589694955949934523',1,'黄泽润','1cd75ca00db28072479992f87d4a647e','15239670413',1),
('1616849049926517866','1616848354017596308',2,'卜格','1cd75ca00db28072479992f87d4a647e','188650153551',1),
('1619272392944438282','1619272392944817875',1,'向洋','1cd75ca00db28072479992f87d4a647e','18865015355',1),
('1620556763171572811','1620556763171478434',1,'包其奇','1cd75ca00db28072479992f87d4a647e','18865015334',1),
('1620556807426589009','1620556807426665840',1,'李佳来','1cd75ca00db28072479992f87d4a647e','18865015332',1),
('1620628576794847782','1620628576794344100',1,'唐倩','1cd75ca00db28072479992f87d4a647e','12312313333',1),
('1621650070527226625','1621650070527615077',1,'徐震','1cd75ca00db28072479992f87d4a647e','18865015351',1),
('1621842484615845726','1621842484615841542',1,'刘冬冬','1cd75ca00db28072479992f87d4a647e','18865015356',1),
('1622767775990642086','1622767775990369106',1,'刘冬冬-2','1cd75ca00db28072479992f87d4a647e','18865015455',1),
('1622768076245297653','1622768076245155194',1,'刘冬冬-3','1cd75ca00db28072479992f87d4a647e','18865015784',1),
('1622769205575127280','1622769205575844009',1,'刘冬冬-4','1cd75ca00db28072479992f87d4a647e','18865015213',1),
('1622770056081346114','1622770056081878931',1,'刘冬冬-5','de144fa0101f5e3519d150393709dab4','18865025355',1),
('1622771310284341811','1622771310284775083',1,'刘冬冬5','1cd75ca00db28072479992f87d4a647e','11865015355',0),
('1622771485960229742','1622771485960311702',1,'刘冬冬6','1cd75ca00db28072479992f87d4a647e','17865015355',1),
('1622771647101158229','1622771647101405863',1,'刘冬冬7','1cd75ca00db28072479992f87d4a647e','18867015355',1),
('1622771834289972280','1622771834289894992',1,'刘冬冬9','1cd75ca00db28072479992f87d4a647e','18865015055',0);

/*Table structure for table `notices` */

DROP TABLE IF EXISTS `notices`;

CREATE TABLE `notices` (
  `id` varchar(64) NOT NULL COMMENT '通知id',
  `userid` varchar(64) DEFAULT NULL COMMENT '用户id',
  `whys` varchar(255) DEFAULT NULL COMMENT '通知内容',
  `isread` int(10) DEFAULT '0' COMMENT '是否阅读 0未阅读 1已阅读',
  `tpname` varchar(255) DEFAULT NULL COMMENT '通知类型',
  `nttime` timestamp NULL DEFAULT CURRENT_TIMESTAMP COMMENT '通知时间',
  `latest` int(10) DEFAULT '1' COMMENT '是否为新通知 1是 2不是',
  PRIMARY KEY (`id`)
) ENGINE=InnoDB DEFAULT CHARSET=utf8mb4;

/*Data for the table `notices` */

insert  into `notices`(`id`,`userid`,`whys`,`isread`,`tpname`,`nttime`,`latest`) values 
('1588251035517231786','1616848354017596308','恭喜您已被设置为网站管理员，努力维护网站的良好氛围。',1,'系统通知','2020-04-30 20:50:35',2),
('1588251042987446364','1616848354017596308','您已被设置为网站用户，希望您再接再厉。',1,'系统通知','2020-04-30 20:50:42',2),
('1620466976443256361','1619272392944817875','因为您的不良行为，您在该网站的账号已被封号。',0,'系统通知','2021-05-08 17:42:56',1),
('1620467025609760001','1589694955949934523','恭喜您已被设置为网站管理员，努力维护网站的良好氛围。',0,'系统通知','2021-05-08 17:43:45',1),
('1620473001176448599','1582184795951594874','您已被设置为网站用户，希望您再接再厉。',0,'系统通知','2021-05-08 19:23:21',1),
('1620473014432147875','1619272392944817875','您在该网站的账号已被解封，希望您保持良好的行为。',0,'系统通知','2021-05-08 19:23:34',1),
('1620473136184767810','1619272392944817875','恭喜您已被设置为网站管理员，努力维护网站的良好氛围。',0,'系统通知','2021-05-08 19:25:36',1),
('1620473239461965073','1616848354017596308','恭喜您已被设置为网站管理员，努力维护网站的良好氛围。',0,'系统通知','2021-05-08 19:27:19',1),
('1620473245099546609','1619272392944817875','您已被设置为网站用户，希望您再接再厉。',0,'系统通知','2021-05-08 19:27:25',1),
('1620473247463450718','1589694955949934523','您已被设置为网站用户，希望您再接再厉。',0,'系统通知','2021-05-08 19:27:27',1),
('1621842228981402460','1621650070527615077','恭喜您已被设置为网站管理员，努力维护网站的良好氛围。',0,'系统通知','2021-05-24 15:43:48',1),
('1621842376095917429','1621650070527615077','您已被设置为网站用户，希望您再接再厉。',0,'系统通知','2021-05-24 15:46:16',1),
('1622772351753194703','1622771834289894992','因为您的不良行为，您在该网站的账号已被封号。',0,'系统通知','2021-06-04 10:05:51',1),
('1622772357398666307','1622767775990369106','恭喜您已被设置为网站管理员，努力维护网站的良好氛围。',0,'系统通知','2021-06-04 10:05:57',1),
('1622772362964940199','1622767775990369106','您已被设置为网站用户，希望您再接再厉。',0,'系统通知','2021-06-04 10:06:02',1),
('1622772792728829207','1622771647101405863','恭喜您已被设置为网站管理员，努力维护网站的良好氛围。',0,'系统通知','2021-06-04 10:13:12',1),
('1622772795330309237','1622771310284775083','因为您的不良行为，您在该网站的账号已被封号。',0,'系统通知','2021-06-04 10:13:15',1),
('1622772798415674207','1622771647101405863','您已被设置为网站用户，希望您再接再厉。',0,'系统通知','2021-06-04 10:13:18',1);

/*Table structure for table `notification` */

DROP TABLE IF EXISTS `notification`;

CREATE TABLE `notification` (
  `id` int(11) NOT NULL AUTO_INCREMENT,
  `notifier` int(11) DEFAULT NULL,
  `receiver` int(11) DEFAULT NULL,
  `outer_id` int(11) DEFAULT NULL,
  `type` int(11) DEFAULT NULL,
  `create_time` datetime DEFAULT NULL,
  `status` int(11) DEFAULT '0',
  PRIMARY KEY (`id`)
) ENGINE=InnoDB AUTO_INCREMENT=14 DEFAULT CHARSET=utf8;

/*Data for the table `notification` */

insert  into `notification`(`id`,`notifier`,`receiver`,`outer_id`,`type`,`create_time`,`status`) values 
(1,2,1,21,0,'2020-04-12 11:52:00',1),
(2,2,1,5,1,'2020-04-12 11:53:06',1),
(3,1,1,22,0,'2020-04-12 17:20:49',1),
(4,1,1,17,0,'2020-04-12 22:47:32',0),
(5,2,1,23,0,'2020-04-12 22:54:39',1),
(6,2,2,24,0,'2020-04-12 22:56:14',0),
(7,1,2,28,1,'2020-04-12 22:56:54',1),
(8,1,2,28,1,'2020-04-12 23:04:27',1),
(9,1,1,23,0,'2020-04-12 23:04:38',0),
(10,1,2,29,1,'2020-04-12 23:25:26',1),
(11,2,1,17,0,'2020-04-12 23:27:12',1),
(12,1,2,24,0,'2020-04-13 10:11:45',1),
(13,1,2,24,0,'2020-05-31 09:47:25',0);

/*Table structure for table `question` */

DROP TABLE IF EXISTS `question`;

CREATE TABLE `question` (
  `id` int(11) NOT NULL AUTO_INCREMENT,
  `title` varchar(50) DEFAULT NULL,
  `description` text,
  `create_time` datetime DEFAULT NULL,
  `update_time` datetime DEFAULT NULL,
  `creator` int(11) DEFAULT NULL,
  `comment_count` int(11) DEFAULT '0',
  `view_count` int(11) DEFAULT '0',
  `like_count` int(11) DEFAULT '0',
  `tag` varchar(256) DEFAULT NULL,
  `userid` varchar(64) DEFAULT NULL,
  `classNum` int(11) DEFAULT NULL,
  PRIMARY KEY (`id`)
) ENGINE=InnoDB AUTO_INCREMENT=38 DEFAULT CHARSET=utf8;

/*Data for the table `question` */

insert  into `question`(`id`,`title`,`description`,`create_time`,`update_time`,`creator`,`comment_count`,`view_count`,`like_count`,`tag`,`userid`,`classNum`) values 
(1,'修改标题！！！！','内容&nbsp;<h1><span style=\"color: rgb(194, 79, 74);\">h哈哈哈</span></h1><div><font color=\"#c24f4a\">测试修改</font></div>','2020-01-01 00:00:00','2020-04-08 21:15:14',1,0,52,10,'java','1616848354017596308',1702401),
(2,'标题','内容&nbsp;<h1><span style=\"color: rgb(139, 170, 74);\">h哈哈哈</span></h1>','2020-04-03 17:28:10','2020-04-08 21:09:57',1,0,4,0,'java','1616848354017596308',1702401),
(3,'标题','内容&nbsp;<h1><span style=\"color: rgb(139, 170, 74);\">h哈哈哈</span></h1>','2020-04-03 17:38:41','2020-04-08 21:09:57',1,0,3,0,'java','1616848354017596308',1702401),
(4,'标题','内容&nbsp;<h1><span style=\"color: rgb(139, 170, 74);\">h哈哈哈</span></h1>','2020-04-03 17:47:44','2020-04-08 21:09:57',1,0,2,0,'java','1616848354017596308',1702401),
(5,'标题','内容&nbsp;<h1><span style=\"color: rgb(139, 170, 74);\">h哈哈哈</span></h1>','2020-04-03 17:53:38','2020-04-08 21:09:57',1,0,0,0,'java','1616848354017596308',NULL),
(6,'标题','内容&nbsp;<h1><span style=\"color: rgb(139, 170, 74);\">h哈哈哈</span></h1>','2020-04-03 18:32:06','2020-04-08 21:09:57',1,0,1,0,'java','1616848354017596308',NULL),
(7,'标题','内容&nbsp;<h1><span style=\"color: rgb(139, 170, 74);\">h哈哈哈</span></h1>','2020-04-03 18:33:44','2020-04-08 21:09:57',1,0,6,0,'java','1616848354017596308',NULL),
(8,'标题','内容&nbsp;<h1><span style=\"color: rgb(139, 170, 74);\">h哈哈哈</span></h1>','2020-01-01 11:29:00','2020-04-08 21:09:57',1,0,11,10,'java','1616848354017596308',NULL),
(9,'标题','内容&nbsp;<h1><span style=\"color: rgb(139, 170, 74);\">h哈哈哈</span></h1>','2020-01-01 11:29:00','2020-04-08 21:09:57',1,0,12,10,'java','1616848354017596308',NULL),
(10,'标题','内容&nbsp;<h1><span style=\"color: rgb(139, 170, 74);\">h哈哈哈</span></h1>','2020-01-01 11:29:00','2020-04-08 21:09:57',1,0,13,10,'java','1616848354017596308',NULL),
(11,'标题','内容&nbsp;<h1><span style=\"color: rgb(139, 170, 74);\">h哈哈哈</span></h1>','2020-01-01 11:29:00','2020-04-08 21:09:57',1,0,10,10,'java','1616848354017596308',NULL),
(12,'标题','内容&nbsp;<h1><span style=\"color: rgb(139, 170, 74);\">h哈哈哈</span></h1>','2020-01-01 11:29:00','2020-04-08 21:09:57',1,0,11,10,'java','1616848354017596308',NULL),
(13,'标题','内容&nbsp;<h1><span style=\"color: rgb(139, 170, 74);\">h哈哈哈</span></h1>','2020-01-01 11:29:00','2020-04-08 21:09:57',1,0,10,10,'java','1616848354017596308',NULL),
(14,'标题','内容&nbsp;<h1><span style=\"color: rgb(139, 170, 74);\">h哈哈哈</span></h1><div><font color=\"#8baa4a\">你笑啥????</font></div>','2020-01-01 11:29:00','2020-04-09 22:34:14',1,0,16,10,'java','1616848354017596308',NULL),
(15,'标题','内容&nbsp;<h1><span style=\"color: rgb(139, 170, 74);\">h哈哈哈</span></h1>','2020-01-01 11:29:00','2020-04-08 21:09:57',1,0,13,10,'java','1616848354017596308',NULL),
(16,'标题','内容&nbsp;<h1><span style=\"color: rgb(139, 170, 74);\">h哈哈哈</span></h1>','2020-01-01 11:29:00','2020-04-08 21:09:57',1,2,19,10,'java','1616848354017596308',NULL),
(17,'标题','内容&nbsp;<h1><span style=\"color: rgb(139, 170, 74);\">h哈哈哈</span></h1>','2020-01-01 11:29:00','2020-04-08 21:09:57',1,4,36,10,'java','1616848354017596308',NULL),
(20,'标题','内容&nbsp;<h1><span style=\"color: rgb(139, 170, 74);\">h哈哈哈</span></h1>','2020-04-08 21:08:23','2020-04-08 21:09:57',1,1,20,0,'java','1616848354017596308',NULL),
(21,'java是什么','<p><span style=\"color: rgb(123, 91, 161);\">高级编程语言</span></p>','2020-04-08 21:32:47','2020-04-08 21:34:12',1,5,272,0,'java,mybatis','1616848354017596308',NULL),
(22,'这是一条测试问题','<p><span style=\"background-color: rgb(139, 170, 74); color: rgb(249, 150, 59);\">别跟我比比来啦</span></p>','2020-04-11 12:42:20','2020-04-11 12:42:20',1,1,37,0,'Hibernate,java,spring boot','1616848354017596308',NULL),
(23,'java的秘密','<p><img src=\"/static/images/faces/20.gif\" alt=\"[别吵吵]\" data-w-e=\"1\">这可不能说的<img src=\"/static/images/faces/2.gif\" alt=\"[大笑]\" data-w-e=\"1\"><br></p>','2020-04-12 17:34:31','2020-04-12 17:34:31',1,3,53,0,'spring,java','1616848354017596308',NULL),
(24,'亚瑟的第一条问题','<h3><span style=\"color: rgb(194, 79, 74);\">java</span>为什么这么热门？<img src=\"/static/images/faces/11.gif\" alt=\"[萌萌哒]\" data-w-e=\"1\"></h3>','2020-04-12 22:55:26','2020-04-12 22:55:26',2,3,41,0,'java','1616848354017596308',NULL),
(25,'测试图片文章','<p><img src=\"http://img.xiaotaozy.cn/bbs/2020-04-13/07cd0dc677ce4ba39f588d460c23bb7f-car_step8.gif\" style=\"max-width:100%;\"><img src=\"http://img.xiaotaozy.cn/bbs/2020-04-13/8255bb09dc8e4496825f39becc05a3ce-infobg.gif\" style=\"max-width: 100%;\">&nbsp;哈哈哈哈<br></p>','2020-04-13 16:53:10','2020-04-13 16:53:10',1,0,25,0,'spring,spring boot','1616848354017596308',NULL),
(26,'智慧城市的产业体系','<p>123</p>','2021-04-21 10:16:33','2021-04-21 10:16:33',NULL,0,4,0,'java','1616848354017596308',NULL),
(27,'1','<p>1</p>','2021-04-21 14:55:31','2021-04-21 14:55:31',NULL,0,4,0,'java','1616848354017596308',NULL),
(28,'2112','<p>21</p>','2021-04-21 23:34:10','2021-04-21 23:34:10',NULL,0,5,0,'java','1616848354017596308',NULL),
(29,'321','<p>31231</p>','2021-04-22 09:02:16','2021-04-22 09:02:16',NULL,0,4,0,'spring boot','1616848354017596308',NULL),
(30,'fa','<p>afdfas</p>','2021-04-22 09:05:27','2021-04-22 09:05:27',NULL,0,3,0,'java',NULL,NULL),
(31,'rwerq','<p>wrwerqwer</p>','2021-04-22 09:07:53','2021-04-22 09:07:53',NULL,0,8,0,'mybatis','1616848354017596308',NULL),
(32,'rewr','<p>werwer</p>','2021-04-22 09:09:59','2021-04-22 09:09:59',NULL,0,56,0,'Hibernate','1616848354017596308',NULL),
(33,'1','<p>das</p>','2021-04-24 21:37:02','2021-04-24 21:37:02',NULL,0,5,0,'java','1616848354017596308',NULL),
(34,'123123','<p>123123</p>','2021-04-24 21:55:06','2021-04-24 21:55:06',NULL,0,16,0,'java','1616848354017596308',NULL),
(35,'12313133','<p>1312323</p>','2021-06-04 09:59:18','2021-06-04 09:59:18',NULL,0,3,0,'java','1622771834289894992',NULL),
(36,'554545','<p>54545</p>','2021-06-04 10:04:49','2021-06-04 10:04:49',NULL,0,4,0,'java','1621842484615841542',NULL),
(37,'31333','<p>33123</p>','2021-06-04 10:12:25','2021-06-04 10:12:25',NULL,0,2,0,'java','1621842484615841542',NULL);

/*Table structure for table `tb_class` */

DROP TABLE IF EXISTS `tb_class`;

CREATE TABLE `tb_class` (
  `classid` int(11) NOT NULL AUTO_INCREMENT,
  `classnum` varchar(255) DEFAULT 'xxxxxxx',
  `classname` varchar(255) DEFAULT '地理信息科学',
  `classcreatetime` varchar(64) DEFAULT '2017',
  `classlabel` varchar(255) DEFAULT '这里是班级简介',
  PRIMARY KEY (`classid`),
  UNIQUE KEY `table_name_classid_uindex` (`classid`)
) ENGINE=InnoDB AUTO_INCREMENT=18 DEFAULT CHARSET=utf8;

/*Data for the table `tb_class` */

insert  into `tb_class`(`classid`,`classnum`,`classname`,`classcreatetime`,`classlabel`) values 
(1,'1702401','地理信息科学','2017','欢迎加入班级大家庭，这里是班级简介'),
(2,'1702402','地理信息科学','2017','欢迎加入班级大家庭，这里是班级简介'),
(3,'1702401','地理信息科学','2017','欢迎加入班级大家庭，这里是班级简介'),
(4,'1702401','地理信息科学','2017','欢迎加入班级大家庭，这里是班级简介'),
(5,'1702401','地理信息科学','2017','欢迎加入班级大家庭，这里是班级简介'),
(6,'1702401','地理信息科学','2017','欢迎加入班级大家庭，这里是班级简介'),
(7,'1702401','地理信息科学','2017','欢迎加入班级大家庭，这里是班级简介'),
(8,'1702401','地理信息科学','2017','欢迎加入班级大家庭，这里是班级简介'),
(9,'1702401','地理信息科学','2017','欢迎加入班级大家庭，这里是班级简介'),
(10,'1702401','地理信息科学','2017','欢迎加入班级大家庭，这里是班级简介'),
(11,'1702401','地理信息科学','2017','欢迎加入班级大家庭，这里是班级简介'),
(12,'1702401','地理信息科学','2017','欢迎加入班级大家庭，这里是班级简介'),
(13,'1702401','地理信息科学','2017','欢迎加入班级大家庭，这里是班级简介'),
(14,'1702401','地理信息科学','2017','欢迎加入班级大家庭，这里是班级简介'),
(15,'1702401','地理信息科学','2017','欢迎加入班级大家庭，这里是班级简介'),
(16,'1702401','地理信息科学','2017','欢迎加入班级大家庭，这里是班级简介'),
(17,'1702401','地理信息科学','2017','欢迎加入班级大家庭，这里是班级简介');

/*Table structure for table `tb_don` */

DROP TABLE IF EXISTS `tb_don`;

CREATE TABLE `tb_don` (
  `don_id` int(11) NOT NULL AUTO_INCREMENT,
  `don_name` varchar(255) DEFAULT NULL,
  `don_desc` varchar(4369) DEFAULT NULL,
  `don_per` int(11) DEFAULT NULL,
  `don_status` int(11) DEFAULT NULL,
  `don_opinion` varchar(255) DEFAULT NULL,
  `don_time` datetime DEFAULT NULL,
  `userid` varchar(64) DEFAULT NULL,
  UNIQUE KEY `tb_don_don_id_uindex` (`don_id`)
) ENGINE=InnoDB AUTO_INCREMENT=17 DEFAULT CHARSET=utf8;

/*Data for the table `tb_don` */

insert  into `tb_don`(`don_id`,`don_name`,`don_desc`,`don_per`,`don_status`,`don_opinion`,`don_time`,`userid`) values 
(1,'图书馆项目','为图书馆建设捐献资金',3,1,'感谢校友的捐赠','2020-03-19 18:04:46','1616848354017596308'),
(2,'抗击新冠疫情的口罩','帮助学校做好防范措施，特捐赠1万只口罩',1,1,NULL,'2020-03-21 14:22:14','1616848354017596308'),
(3,'学校疫情防疫支援','学校疫情防疫支援学校疫情防疫支援学校疫情防疫支援',36,1,'审核通过','2020-04-08 13:38:27','1616848354017596308'),
(4,'学校图书馆书籍','为学校图书馆捐赠书籍',42,1,'1','2020-04-08 14:13:11','1616848354017596308'),
(5,'学校机房电脑','学校机房电脑学校机房电脑学校机房电脑',43,1,'审核通过','2020-04-09 15:03:37','1616848354017596308'),
(6,'fdfsf','sdfsdf',NULL,1,NULL,'2021-05-08 14:48:09','1616848354017596308'),
(7,'抗击新冠疫情的口罩','帮助学校做好防范措施，特捐赠1万只口罩',1,1,NULL,'2020-03-21 14:22:14','1616848354017596308'),
(10,'图书馆项目','为图书馆建设捐献资金',3,1,'感谢校友的捐赠','2020-03-19 18:04:46','1616848354017596308'),
(11,'wqe','wqe',NULL,0,NULL,'2021-05-08 14:56:55','1616848354017596308'),
(12,'adsf','fdfd',NULL,0,NULL,'2021-05-08 14:59:44','1616848354017596308'),
(13,'adsf','23',NULL,0,NULL,'2021-06-04 08:34:07','1616848354017596308'),
(14,'313123','1312323',NULL,0,NULL,'2021-06-04 09:59:32','1622771834289894992'),
(15,'adsf3','12313',NULL,0,NULL,'2021-06-04 10:05:04','1621842484615841542'),
(16,'adsf4234','4343',NULL,0,NULL,'2021-06-04 10:12:42','1621842484615841542');

/*Table structure for table `tb_job` */

DROP TABLE IF EXISTS `tb_job`;

CREATE TABLE `tb_job` (
  `job_id` int(11) DEFAULT NULL,
  `job_company` varchar(255) DEFAULT NULL,
  `job_name` varchar(255) DEFAULT NULL,
  `job_desc` varchar(500) DEFAULT NULL,
  `user_id` int(11) DEFAULT NULL,
  `job_time` datetime DEFAULT NULL,
  `per_count` varchar(32) DEFAULT NULL,
  `job_address` varchar(255) DEFAULT NULL,
  `job_email` varchar(255) DEFAULT NULL,
  `check_status` int(11) DEFAULT NULL,
  `check_opinion` varchar(255) DEFAULT NULL,
  `userid` varchar(64) DEFAULT NULL
) ENGINE=InnoDB DEFAULT CHARSET=utf8;

/*Data for the table `tb_job` */

insert  into `tb_job`(`job_id`,`job_company`,`job_name`,`job_desc`,`user_id`,`job_time`,`per_count`,`job_address`,`job_email`,`check_status`,`check_opinion`,`userid`) values 
(1,'北京小米科技有限公司','java开发工程师','1、具有扎实的JAVA语言或相关语言基础，了解数据结构与算法相关内容；\r\n2、掌握关系数据库基本用法，熟悉SQL语法；\r\n3、熟悉前端开发技术和框架，或熟悉微服务、分布式技术的优先。 ',2,'2020-02-17 16:13:26','12','北京市海淀区','921650190@qq.com',1,'允许发布','1616848354017596308'),
(2,'北京小米科技有限公司','java开发工程师','1、具有扎实的JAVA语言或相关语言基础，了解数据结构与算法相关内容；\r\n2、掌握关系数据库基本用法，熟悉SQL语法；\r\n3、熟悉前端开发技术和框架，或熟悉微服务、分布式技术的优先。 ',2,'2020-02-17 16:13:26','12','北京市海淀区','921650190@qq.com',1,'允许发布','1616848354017596308'),
(3,'北京小米科技有限公司','java开发工程师','1、具有扎实的JAVA语言或相关语言基础，了解数据结构与算法相关内容；\r\n2、掌握关系数据库基本用法，熟悉SQL语法；\r\n3、熟悉前端开发技术和框架，或熟悉微服务、分布式技术的优先。 ',2,'2020-02-17 16:13:26','12','北京市海淀区','921650190@qq.com',1,'允许发布','1616848354017596308'),
(4,'北京小米科技有限公司','java开发工程师','1、具有扎实的JAVA语言或相关语言基础，了解数据结构与算法相关内容；\r\n2、掌握关系数据库基本用法，熟悉SQL语法；\r\n3、熟悉前端开发技术和框架，或熟悉微服务、分布式技术的优先。 ',2,'2020-02-17 16:13:26','12','北京市海淀区','921650190@qq.com',1,'允许发布','1616848354017596308'),
(5,'北京小米科技有限公司','java开发工程师','1、具有扎实的JAVA语言或相关语言基础，了解数据结构与算法相关内容；\r\n2、掌握关系数据库基本用法，熟悉SQL语法；\r\n3、熟悉前端开发技术和框架，或熟悉微服务、分布式技术的优先。 ',2,'2020-02-17 16:13:26','12','北京市海淀区','921650190@qq.com',1,'允许发布','1616848354017596308'),
(6,'北京小米科技有限公司','java开发工程师','1、具有扎实的JAVA语言或相关语言基础，了解数据结构与算法相关内容；\r\n2、掌握关系数据库基本用法，熟悉SQL语法；\r\n3、熟悉前端开发技术和框架，或熟悉微服务、分布式技术的优先。 ',2,'2020-02-17 16:13:26','12','北京市海淀区','921650190@qq.com',1,'允许发布','1616848354017596308'),
(7,'北京小米科技有限公司','java开发工程师','1、具有扎实的JAVA语言或相关语言基础，了解数据结构与算法相关内容；\r\n2、掌握关系数据库基本用法，熟悉SQL语法；\r\n3、熟悉前端开发技术和框架，或熟悉微服务、分布式技术的优先。 ',2,'2020-02-17 16:13:26','12','北京市海淀区','921650190@qq.com',1,'允许发布','1616848354017596308');

/*Table structure for table `tb_news` */

DROP TABLE IF EXISTS `tb_news`;

CREATE TABLE `tb_news` (
  `newsid` int(11) NOT NULL AUTO_INCREMENT,
  `newstitle` varchar(255) DEFAULT NULL,
  `newscontent` varchar(4369) DEFAULT NULL,
  `newsuserid` varchar(64) DEFAULT NULL,
  `newstime` datetime DEFAULT NULL,
  `newsimage` varchar(500) DEFAULT NULL,
  `newsimagetitle` varchar(100) DEFAULT NULL,
  UNIQUE KEY `tb_news_news_id_uindex` (`newsid`)
) ENGINE=InnoDB AUTO_INCREMENT=35 DEFAULT CHARSET=utf8;

/*Data for the table `tb_news` */

insert  into `tb_news`(`newsid`,`newstitle`,`newscontent`,`newsuserid`,`newstime`,`newsimage`,`newsimagetitle`) values 
(11,'党委书记罗成翼一行赴北京中核环保有限公司考察交流并看望校友','9月15日下午，由党委书记罗成翼带队，党委委员李斌，党政办、材料与化学工程学院、规划设计建筑研究院相关负责人赴中核环保有限公司考察交流。中核环保有限公司总经理尤永春、人力资源部部长戴小波等对我校一行的到来表示热烈的欢迎。\n\n\n\n座谈会上，中核环保有限公司办公室主任王琪详细介绍了公司成立的背景、主要经营范围以及发展前景。双方就企业优势，实习基地建设，应用型人才培养等内容展开交流，并重点围绕校企双方合作设立订单班的可行性进行了深入讨论。罗成翼在会上热情邀请中核环保有限公司来我校考察交流，并就校企合作、人才培养与对方进行了切实的研讨。此次走访有助于我校进一步拓展毕业生就业渠道，深入开展校企合作，提高人才培养质量，实现“打通高大上，对接主战场”的人才培养目标。\n\n\n\n9月14日下午，湖南城市学院北京校友会揭牌仪式暨校友座谈会在北京安化黑茶文化中心举行。党委书记罗成翼，党委委员、副校长雷存喜，党委委员李斌和近20位来自多个行业的校友代表欢聚一堂，共同参与和见证揭牌仪式和座谈会。','1616848354017596308','2020-09-12 13:46:40','http://www.hncu.edu.cn/__local/8/6E/E4/508110B3515A2EB1B944EB2B73B_C0F88812_FB41.jpg','与会领导专家合影留念。'),
(12,'海南校友会第一次筹委会会议举行','2020年9月13日，湖南城市学院海南校友在海口市世贸酒店齐聚一堂，商讨筹备成立校友会事宜。学校校长李建奇、校友办主任李志宏和党政办龚敦到会致贺，长沙校友会秘书长刘斌也应邀出席。筹备会上，选举出湖南城市学院海南校友会第一届理事会拟荐成员。其中：周安伟、罗璠、杨全任顾问，李锦龙任会长，赵芝、曾立平、雷飞任副会长，龚军辉任副会长兼秘书长，高鑫、吴川通、文闻任副秘书长。\n\n\n\n海南校友会召集人周安伟局长代表海南校友对校长的到来表示欢迎与感谢：欢迎校长到海南指导校友工作，感谢学校领导对海南校友们的培养和关心！\n\n\n\n会上，李校长与校友们进行了座谈，并以“一年一台阶，四年大变样”向海南校友们高度总结了学校近几年以来在党建、本科教学审核评估、双一流学科、双一流专业、硕士点申报、一本招生等方面取得的成绩，感谢校友们对学校建设与发展所作的贡献与努力。他希望海南校友以学校50年校庆为契机，进一步关心关注母校发展，热忱邀请校友们回母校看看。最后，李校长希望海南校友会尽快做好前期准备，争取早日挂牌运行，为学校50周年校庆献礼！希望海南校友会在全体理事的带领及全体校友的支持下，共同把海南校友会建设好！祝愿各位校友事业蒸蒸日上，万事均安！\n\n\n\n李锦龙会长及与会代表共同表示，一定会加紧校友联络，尽快完成校友会成立前的准备工作，并努力办出海南速度！海南特色！','1616848354017596308','2020-09-13 13:46:40','http://www.hncu.edu.cn/__local/0/92/07/2FA9BEE41E3A75EB6E1C5735F85_ADA0D56F_1EC9A.jpg','与会领导专家合影留念。'),
(13,'李建奇校长一行走访看望江苏校友','2020年9月11日，李建奇校长一行四人走访看望江苏校友，并与校友进行亲切座谈。座谈会围绕江苏校友会换届及学校50周年校庆展开讨论，会议由会长王德红组织、刘银燕主持。出席本次会议的校友有：毛组彪、熊文俊、王德红、谢爱武、李金花、粟登祥、段逸、胡娟、刘银燕、姚武、罗兰、龙建宇。\n\n\n\n会上，李校长在认真听取了校友们个人介绍后，为校友们取得的成绩感到非常骄傲，正是因为大家的努力让学校声誉引起社会广泛关注和肯定。湖南城市学院办学50以来，经过历任领导、全体教职员工及近10万校友的共同努力，励精图治，改革创新、艰苦奋斗，特别是近几年从学校第三次党代会以来，围绕高水平应用型大学建设目标，学院高水平通过本科教学审核评估，获得6个双一流学科、13个双一流专业、就业示范高校、第二批硕士点建设单位、双一流应用学院、湖南省一本高校等。今年恰逢学校50周年庆，是学校的大事，也是全体“城院人”的大事，欢迎大家回家看看。最后祝各位校友在各自岗位上工作顺利！前景美好！身体健康！万事如意！\n\n\n\n王会长表示会克服困难，尽快与校友们沟通联络，争取早日完成江苏校友会换届工作，校庆期间会组团回母校庆贺助势。\n\n\n\n校友办李志宏、管理学院赵旭、党政办龚敦等陪同李建奇校长参加了此次走访活动。','1616848354017596308','2020-09-11 13:46:40','http://www.hncu.edu.cn/__local/7/D1/10/BE3BAFBC19BE30B0A3D395FD696_51848256_17384.jpg','与会领导专家合影留念。'),
(14,'校长李建奇一行走访长沙校友会','本网讯（通讯员 李志宏）2020年9月3日，校长李建奇一行3人赴长沙走访看望校友，并在湖南宾馆与长沙校友会理事成员，围绕长沙校友会发展及学校50年校庆事宜等进行座谈。\n\n长沙校友会会长李湘舟致词，对母校的发展感到由衷的自豪，对母校的关怀表示深深的感谢。他说，在母校50岁生日即将之际，长沙校友要懂得感恩，为母校捐赠颇具意义的生日礼物。要本着“有钱出钱、有力出力、自主自愿”原则，广泛宣传发动，会长带头、理事会成员紧跟，从而带动一大批校友为基金会献爱心。要组织一批在政界、教育界、企业界作出优异成绩的杰出优秀校友，在母校生日当天组团到现场为母校助威助势。与会校友也纷纷表示，将不辜负母校对其的期望和重托，一定会在校庆期间举行校友会活动，组团参加校庆庆典，为母校建设发展作出更大的贡献。\n\n李建奇介绍了近年来学校的系列办学成就。他表示，经过多年艰苦努力，今年列入湖南省“一本”招生，实现了历史性转折。学校坚持“两手抓，两手都要硬”，内抓内涵建设、特色发展，外抓树立形象、扩大影响，均取得了明显成效。学校近些年的快速发展，是历届领导和教职工奋力拼搏的结果，也离不开广大校友的鼎力支持。今年学校将举行建校50周年庆典，热忱欢迎广大校友组团参加。希望大家不忘初心、一如既往地关心、支持学校，为母校的建设发展增砖添瓦。\n\n出席本次会议的理事代表有：夏习锋、高飞跃、王梦辉、石莉波、刘寿华、余孝武、黄勇、熊小平、陈明亮、高鑫、胡俊、刘斌。党委委员李斌、校友办主任李志宏陪同走访。','1616848354017596308','2020-09-11 13:46:40','http://www.hncu.edu.cn/__local/8/48/DE/D7DFFA098435E19CA258A505950_4EAA7FEA_1BDBD.jpg','与会领导专家合影留念。'),
(15,'湖南城市学院广西校友会举行2020年年会','绿树荫浓夏日长，楼台倒影入池塘，水晶帘动微风起，满架蔷薇一院香。2020年8月15日，湖南城市学院广西校友会2020年年会在桂林举行，70余名校友和家属共同参加，学校党委副书记汤放华应邀出席，校友办、土木工程学院相关人员陪同。\n\n下午3点，在超然派酒店举行了校友座谈会。广西校友会会长刘小刚做2019年校友会发展总结发言；校友办卜艳丽介绍校友办联系各地校友会、校友工作和学校五十周年校庆筹备工作情况；土木工程学院原党委副书记陈蜀湘对校友会的组织工作和校友挖掘工作提出了建议。\n\n汤放华副书记着重介绍了学校近年来在人才培养、学科建设、科学研究、校园建设等各方面的发展成就，对广西校友会的组织工作表示肯定，强调校友会的职责是为校友服务、为母校服务。倡导校友间加强信息互通，相互帮助，多关心关注母校发展，尽己所能多为母校贡献。热忱欢迎校友们今年回母校参加建校50周年校庆活动，共襄盛举。\n\n最后，参加座谈会活动的校友们积极发言，回忆了自己的学习和工作经历，为学校和校友会的发展表达自己的想法和意见。\n\n','1616848354017596308','2020-03-12 13:46:40','http://www.hncu.edu.cn/__local/8/48/DE/D7DFFA098435E19CA258A505950_4EAA7FEA_1BDBD.jpg','与会领导专家合影留念。'),
(16,'党委书记罗成翼赴渝出席设计院分院年中会并看望当地校友','（本网讯）8月7日至11日，党委书记罗成翼一行赴重庆出席了湖南城市学院设计研究院有限公司2020年度分院年中总结会，并与当地校友座谈。副校长谭献良、党委委员李斌、产业处、党政办相关负责人陪同参加。\n\n在7日上午举行的设计院分院年中总结会上，设计院常务副院长李志学从疫情防控、复工复产、市场经营、人才培养、管理服务、政策落实、风险防控等方面对上半年分院各项工作进行了全面总结盘点，对存在的问题进行了深刻剖析；13家分院负责人结合各自生产经营、人力资源、财务及技术质量管理方面进行了总结汇报，并提出下半年工作思路。\n\n熊创贤传达了学校关于校办企业改革相关文件精神和政策要求。\n\n谭献良肯定了各分院在面对疫情和国际经济紧张的形势下取得的成绩，希望各分院要积极配合产业改革，提升服务水平；要加强分院管理，提升风险防控责任意识，依法依规开展业务；要充分发挥省外窗口、产教融合基地作用，为学校招生、就业提供平台；要不断加强产品质量管理，创精品工程。\n\n针对当前的经济发展形势，罗成翼从“宏观、中观、微观”三个层面对设计院下阶段工作做了指导。他指出，近年来学校在办学规模、办学环境、人才队伍建设以及核心竞争力方面取得了良好的成绩，真正实现了后发赶超，这其中最重要的推手就是改革。设计院一定要牢牢抓住“改革”这个推手，主动改革，不断激发内生动力和活力，力争更大的成绩。\n\n罗成翼指出，当前整个设计行业面临巨大的挑战，但同时这也是一种机遇，从宏观层面来说，设计院和所有分院要积极面对现阶段国内外严峻形势，集思广益、研究应对方式，特别是要抓住“乡村振兴”“旧城改造”的契机，提前谋划；从中观层面来说，设计院要坚持中小城镇规划这个特色的同时，发展“乡村规划”“智慧城市规划”，以总院搬迁长沙为契机，聚齐人才，延伸服务链条，通过总院带动分院创新协同发展；从微观来说，要加强风险防范，增强法律、政策和内控管理意识，依法依规经营，做到有章可循、有据可依、按章办事、行稳自如、稳中求进，实现规范可持续发展。\n\n下午，罗成翼一行受邀参加了由湖南城市学院重庆校友会举办的部分校友座谈会。近20名来自重庆各领域的杰出校友代表欢聚一堂，共叙师生情，为母校发展建言献策。\n\n焕然一新的校园环境照、振奋人心的核心指标图、丰硕的成果统计表，会上，李斌通过PPT向在座校友们展示了学校近三年来的综合改革情况，特别是在办学定位、人才培养、学科建设、科研创新、社会服务等方面所取得的成就。\n\n学校的快速发展和取得的丰硕成果，也打开了校友们的“话匣子”。“喜提一本”、“建设城市大学”、“特色发展”成为校友们口中的“热词”。在近两个小时的座谈中，校友们畅所欲言，回忆了在校期间的美好时光，倾诉了对母校的思念之情，并结合自己的工作经历和感受对专业建设、师资队伍、课程设置、人才培养、学生工作、招生就业等提出了诸多建设性的意见。\n\n在听取校友们的发言后，罗成翼作了讲话。他首先代表学校对校友们表示亲切问候，对广大校友在渝取得的优异成绩感到自豪。他说，湖南城市学院今年进一步一本招生序列，标志着学校在湖南同类学校中已经处于第一方阵，这与广大校友的支持是密不可分的，当前学校正在全力以赴申报硕士点，希望校友们集思广益、以各种形式支持学校发展，通过全体师生、广大校友的共同努力，为湖南城市学院下一步升格为大学打下优良的基础。\n\n罗成翼指出，2020年是湖南城市学院建校五十周年的日子，这是学校总结发展经验、规划发展未来的一件大事，也是全校师生和广大校友的一件大事。学校目前正在建立一个校友资源平台，这个平台要集成所有校友资源，实行分类管理，使每一个校友都能在这个平台上联系到所在地、所在行业的其他校友，并通过平台相互联系，加强合作。学校也将通过这个平台，把各行各业的优秀校友事迹、创业历程整理成库，用来激励每一个在校生。\n\n罗成翼强调，一所大学很重要的一个资源就是校友资源，校友的发展直接影响着学校的发展。我们要把学校的发展与校友个人的发展紧密联系起来，共同发展。\n\n最后，罗成翼盛情邀请广大校友回母校，共襄校庆盛举。\n\n在渝期间，罗成翼一行还调研了校友创办的多家企业。','1616848354017596308','2020-08-26 13:46:40','http://www.hncu.edu.cn/__local/7/90/18/40AE89044F01E9DFC04DED7A86E_D8A05CE6_2A3B9.png','与会领导专家合影留念。'),
(17,'校长李建奇一行走访上海校友会','本网讯（通讯员 李志宏） 2020年8月15日上午，校长李建奇一行4人赴上海走访看望校友，并在上海万都中心与上海校友会理事成员代表围绕上海校友会发展及学校50年校庆事宜等进行座谈。\n\n会上，李建奇与上海校友会会长、棕榈生态城镇科技（上海）有限公司董事长、建规院优秀校友唐震就国家智慧城市建设标准与学校智慧城市建设现状进行了深入探讨。唐震详细介绍了智慧城市建设的内涵、要求、标准、评价及公司目前的成果，指出了学校智慧城市建设存在的问题及今后的发展方向，希望能与学校加深加强智慧城市建设方面项目攻关、人才共享、资金投入等的合作。\n\n随后，李建奇与上海市杰出科技人才、上海化工研究院有限公司副总工程师、材料与化学工程学院优秀校友曹育才就材化院学科专业、重点实验室建设等进行了深度交流，邀请曹教授到学校讲学，传经送宝，指导材化院学科与专业建设。曹育才欣然接受了邀请，表示只要学校需要，他可以为母校尽自己最大能力做最大贡献。\n\n最后，李建奇以“一年一台阶，四年大变样”向上海校友们总结了学校2016年以来在本科教学审核评估、“双一流”学科、“双一流”专业、硕士点申报、一本招生、学校党建等方面取得的成绩，感谢校友们对学校建设与发展所作的贡献与努力。他希望上海校友会以学校50年校庆为契机，进一步关心关注母校发展，热忱邀请校友们回母校看看。唐震及与会代表均表示，一定会在校庆期间举行校友会活动，派代表参加校庆庆典，并竭力促成几个大的校企校地合作项目落地。\n\n校友办李志宏、学科办汤勇、土木工程学院刘劲等陪同李建奇参加了此次走访活动。唐震、刘琼、蔡加新、夏万国、曹育才、陈庆勋、钟力、任亮霞、高剑、曾伟、何剑辉、张曲等校友参加座谈会。','1616848354017596308','2020-08-26 13:46:40','http://www.hncu.edu.cn/__local/8/EB/09/4B0E19EF0DEA09E1056EB3C3562_78C99531_C4B5D.png','与会领导专家合影留念。'),
(18,'时光不老，青春不散——数学系96级2班毕业20周年聚会','7月21日，理学院数学教育专业96级2班40多位校友，在阔别母校20周年之际，重返校园，又一次见到了曾经的师长、同窗的学友。\n\n班主任孙惠老师主持了茶话会，理学院党总支书记舒谷生、院长陈暑波等领导、老师出席了本次活动。茶话会上，校友们与领导、老师共叙师生情谊，共话人生，共谋发展。会后，40多位校友在学校校友林认领桂花树，挂牌并合影留念。','1616848354017596308','2020-03-12 13:46:40','http://www.hncu.edu.cn/__local/5/C2/5C/64AF55ACC4E1BC446A2A99FD9A1_89AD0C80_1B149.jpg?e=.jpg','与会领导专家合影留念。'),
(19,'长沙校友会理事会议在湖南宾馆举行','2020年7月12日，长沙校友会理事会议在湖南宾馆举行，主要议题是商议学校50周年华诞长沙校友会怎样为母校出力献策。出席本次会议的理事有：李湘舟、夏习锋、王梦辉、石莉波、刘寿华、黄映安、余孝武、彭勇、龚军辉、熊小平、蔡焱、高鑫、文双安、刘斌。受李建奇校长委托，校友办李志宏参加了本次会议。\n\n会议由长沙校友会会长李湘舟主持并致词，感谢母校的精心培养，并发出倡议，号召长沙校友团结一心，回馈母校，同时对母校校庆筹备、校友宣传发动及今后校友工作的开展提了很好的建议。\n\n会上各位理事就庆祝母校校庆相关事宜进行了讨论，达成了初步意向，具体方案拟定后跟学校领导详细汇报。同时推荐07级规划专业校友刘斌，担任校友会秘书长。王梦辉理事做总结发言并向龚军辉秘书长赠送礼物，借中国梦实现我们的城院梦。\n校友办李志宏代表学校感谢长沙全体校友、全体长沙校友会理事，尤其是李湘舟部长长期以来对学校的关注与支持，感谢龚军辉秘书长对长沙校友会成立发展付出的努力，并祝愿龚秘书长在新的岗位鸿图大展，一如既往支持学校建设，向刘斌秘书长表示祝贺，希望刘秘书长紧跟龚秘书长步伐，在李湘舟部长及全体校友理事的支持下，共同把长沙校友会建设好！祝愿各位校友事业蒸蒸日上，万事均安！','1616848354017596308','2020-08-14 13:46:40','http://www.hncu.edu.cn/__local/D/DC/29/B9E3FD907F1667396B3E66D616A_5043F09D_1E8F7.png','与会领导专家合影留念。'),
(20,'上海校友会理事会换届第一次筹备会','2019年5月18日，湖南城市学院上海校友会理事会换届第一次筹备会在上海棕榈集团会议室举行，出席此次会议的校友有周建军、唐震、蔡加新等共19名上海校友会的校友。此次校友会会议暂定议题两项：一、换届工作；二、2019年度主要工作安排。\n\n此次筹备会会议针对换届工作做出了以下三点安排：\n\n  1.通过现会长提名全体参会人员一致同意推举唐震为湖南城市学院上海校友会会长候选人，周建军为名誉会长。\n\n  2.会长执行轮值制，会议选举出轮值会长候选人4名 ，及待定轮值会长若干名，新一届轮值会长候选人名单如下：\n\n    陈庆勋 刘洋 蔡加新 曾学周 1名待定\n\n  3.秘书长候选人：曹中良\n\n另外，根据在场19名校友的综合讨论意见，对本年度的上海校友会工作安排列出了如下几点：\n\n  1.暂定9月份召开校友会，届时邀请学校领导参加并授牌。\n\n  2.定期召开校友座谈会，促进校友间沟通、交流，将校友会发扬光大。\n\n  3.校友会加强与学校的联系和交流，建议学校利用好校友会资源，邀请知名校友回校开展讲座、教学等交流活动。\n\n  4.加强与学校校友办的联系，扩充两大校区校友信息。\n\n  5.起草《关于湖南城市学院在上海成立生态城市研究中心/院的建议书》。\n\n  6.建立上海校友会顾问团。\n\n  7.扩充校友群，制定群规则。\n\n  8.招募有热情有能力的校友加入理事会，协助校友会日常工作的开展。\n\n此次上海校友会理事会换届第一次筹备会充分表明了上海校友会将以饱满的热情，努力搭平台、勤沟通、促交流、谋发展，全心全意为校友、母校服务，共同建设好母校在沪地区校友的温馨家园。','1616848354017596308','2020-08-02 13:46:40','http://www.hncu.edu.cn/__local/7/81/CF/6E1EA321D7362818AB8619E7CA6_37D0021D_10F7F.jpg','与会领导专家合影留念。'),
(21,'湖南城市学院东莞校友会2019年年会举行','时光飞逝，岁月如梭，转眼间忙碌的2018年已过去，充满期待的2019年向我们走来。新的一年，孕育新的目标和希望。湖南城市学院东莞校友会2019年会于1月12日在东莞南城湾畔酒店二楼宴会厅隆重举行，东莞的校友们在此时叙旧情、话衷肠、增友谊欢聚一堂，共度联欢。\n\n首先，由东莞校友会会长黄岐山致开幕贺词。他表示，校友会是凝聚校友深厚情谊的纽带，期待在校友们的共同努力下，为母校、为社会做出更多的贡献。主持人随后一一介绍了校友会的组织成员。他们都是优秀的城院学子，长期以来对母校都十分关心和支持。\n\n    这次东莞校友会不近聚集了东莞的城院学子，来自惠州、深圳的校友也在百忙之中参与了此次庆典。在往年的城市学院广东篮球友谊赛中我们都有着密切的联系和深厚的友谊。\n\n大会上来自各届的城院学子都进行了自我介绍，不同的毕业时间，不同的院系，不同的专业，不同的工作岗位。只因我们都拥有同一个母校湖南城市学院，让我们汇聚在了一起。\n\n年会安排了丰富多彩的文艺表演，精彩纷呈。原湖南城市学院01级的郭小挥师兄带领他的舞蹈团表演了鬼步舞等精彩的舞蹈节目，全场气氛推向高潮。年会中校友们还为大家展现了自己动人的歌喉，一首首经典的歌曲也让现场的气氛十分热烈。\n\n时间的流逝，无法磨灭我们对母校的拳拳之情；空间的距离，不能阻隔我们对校友的深深眷恋。我们无法忘记，跨入校门时求知的渴望；我们难以忘怀，毕业离校时求索的梦想。我们总是想起，同窗校友朗朗的读书声；我们永远铭记，母校老师谆谆的教诲情。此次聚会，凝聚着学校的正确领导，融汇着校友的热切关心。\n\n我们相信：昨天，我们以母校而骄傲，明天，母校因我们而自豪！\n\n（湖南城市学院东莞校友会）','1616848354017596308','2019-07-12 13:46:40','http://www.hncu.edu.cn/__local/D/BE/B5/CE1C5C015A97FC7AE6080B3103E_53662AC3_1A79A.png','与会领导专家合影留念。'),
(22,'湖南城市学院珠海校友会授牌仪式成功举行','2018年12月15日，湖南城市学院珠海校友会授牌仪式在珠海市香洲区大宅门成功举行。湖南城市学院党委委员副校长雷存喜、校友联络办副主任李志宏出席了本次授牌仪式。\n\n授牌仪式上，雷存喜副校长代表学校党委行政对校友会成立表示祝贺，并着重对学校第三次党代会以来改革发展成就作了简洁而又不失隆重的介绍，希望全体校友一如既往关心支持学校发展，最后祝校友会越办越好，所有校友越来越好。副会长义红社先生宣读湖南城市学院珠海校友会章程。李志宏副主任宣读了湖南城市学院珠海校友会第一届成员理事会名单。最后，会长陈刚先生代表珠海校友会第一届理事会对校友会的工作作了安排，提出了展望。在各位珠海校友以及社会各界人士的见证下，雷存喜副校长代表湖南城市学院为珠海校友会进行了授牌，并与全体校友合影留念。\n\n此次珠海校友会授牌仪式的举行，有利于校友会积极发挥沟通母校与校友的交流作用，发挥母校温暖校友的传情作用，发挥校友共商母校发展大计的智囊作用，发挥组织校友用各类方式回报母校的协调作用，发挥促进校友在自身的事业领域蓬勃发展的助推作用，使母校与校友在感情和事业上联系更加紧密，互动更加有力。','1616848354017596308','2018-07-14 13:46:40','http://www.hncu.edu.cn/__local/2/8D/2C/7B88854C40EE3018DF1E1421844_61553D48_20EDB.jpg','与会领导专家合影留念。'),
(23,'党委书记罗成翼一行赴北京中核环保有限公司考察交流并看望校友','9月15日下午，由党委书记罗成翼带队，党委委员李斌，党政办、材料与化学工程学院、规划设计建筑研究院相关负责人赴中核环保有限公司考察交流。中核环保有限公司总经理尤永春、人力资源部部长戴小波等对我校一行的到来表示热烈的欢迎。\n\n\n\n座谈会上，中核环保有限公司办公室主任王琪详细介绍了公司成立的背景、主要经营范围以及发展前景。双方就企业优势，实习基地建设，应用型人才培养等内容展开交流，并重点围绕校企双方合作设立订单班的可行性进行了深入讨论。罗成翼在会上热情邀请中核环保有限公司来我校考察交流，并就校企合作、人才培养与对方进行了切实的研讨。此次走访有助于我校进一步拓展毕业生就业渠道，深入开展校企合作，提高人才培养质量，实现“打通高大上，对接主战场”的人才培养目标。\n\n\n\n9月14日下午，湖南城市学院北京校友会揭牌仪式暨校友座谈会在北京安化黑茶文化中心举行。党委书记罗成翼，党委委员、副校长雷存喜，党委委员李斌和近20位来自多个行业的校友代表欢聚一堂，共同参与和见证揭牌仪式和座谈会。','1616848354017596308','2020-09-12 13:46:40','http://www.hncu.edu.cn/__local/8/6E/E4/508110B3515A2EB1B944EB2B73B_C0F88812_FB41.jpg','与会领导专家合影留念。'),
(24,'海南校友会第一次筹委会会议举行','2020年9月13日，湖南城市学院海南校友在海口市世贸酒店齐聚一堂，商讨筹备成立校友会事宜。学校校长李建奇、校友办主任李志宏和党政办龚敦到会致贺，长沙校友会秘书长刘斌也应邀出席。筹备会上，选举出湖南城市学院海南校友会第一届理事会拟荐成员。其中：周安伟、罗璠、杨全任顾问，李锦龙任会长，赵芝、曾立平、雷飞任副会长，龚军辉任副会长兼秘书长，高鑫、吴川通、文闻任副秘书长。\n\n\n\n海南校友会召集人周安伟局长代表海南校友对校长的到来表示欢迎与感谢：欢迎校长到海南指导校友工作，感谢学校领导对海南校友们的培养和关心！\n\n\n\n会上，李校长与校友们进行了座谈，并以“一年一台阶，四年大变样”向海南校友们高度总结了学校近几年以来在党建、本科教学审核评估、双一流学科、双一流专业、硕士点申报、一本招生等方面取得的成绩，感谢校友们对学校建设与发展所作的贡献与努力。他希望海南校友以学校50年校庆为契机，进一步关心关注母校发展，热忱邀请校友们回母校看看。最后，李校长希望海南校友会尽快做好前期准备，争取早日挂牌运行，为学校50周年校庆献礼！希望海南校友会在全体理事的带领及全体校友的支持下，共同把海南校友会建设好！祝愿各位校友事业蒸蒸日上，万事均安！\n\n\n\n李锦龙会长及与会代表共同表示，一定会加紧校友联络，尽快完成校友会成立前的准备工作，并努力办出海南速度！海南特色！','1616848354017596308','2020-09-13 13:46:40','http://www.hncu.edu.cn/__local/0/92/07/2FA9BEE41E3A75EB6E1C5735F85_ADA0D56F_1EC9A.jpg','与会领导专家合影留念。'),
(25,'李建奇校长一行走访看望江苏校友','2020年9月11日，李建奇校长一行四人走访看望江苏校友，并与校友进行亲切座谈。座谈会围绕江苏校友会换届及学校50周年校庆展开讨论，会议由会长王德红组织、刘银燕主持。出席本次会议的校友有：毛组彪、熊文俊、王德红、谢爱武、李金花、粟登祥、段逸、胡娟、刘银燕、姚武、罗兰、龙建宇。\n\n\n\n会上，李校长在认真听取了校友们个人介绍后，为校友们取得的成绩感到非常骄傲，正是因为大家的努力让学校声誉引起社会广泛关注和肯定。湖南城市学院办学50以来，经过历任领导、全体教职员工及近10万校友的共同努力，励精图治，改革创新、艰苦奋斗，特别是近几年从学校第三次党代会以来，围绕高水平应用型大学建设目标，学院高水平通过本科教学审核评估，获得6个双一流学科、13个双一流专业、就业示范高校、第二批硕士点建设单位、双一流应用学院、湖南省一本高校等。今年恰逢学校50周年庆，是学校的大事，也是全体“城院人”的大事，欢迎大家回家看看。最后祝各位校友在各自岗位上工作顺利！前景美好！身体健康！万事如意！\n\n\n\n王会长表示会克服困难，尽快与校友们沟通联络，争取早日完成江苏校友会换届工作，校庆期间会组团回母校庆贺助势。\n\n\n\n校友办李志宏、管理学院赵旭、党政办龚敦等陪同李建奇校长参加了此次走访活动。','1616848354017596308','2020-09-11 13:46:40','http://www.hncu.edu.cn/__local/7/D1/10/BE3BAFBC19BE30B0A3D395FD696_51848256_17384.jpg','与会领导专家合影留念。'),
(26,'校长李建奇一行走访长沙校友会','本网讯（通讯员 李志宏）2020年9月3日，校长李建奇一行3人赴长沙走访看望校友，并在湖南宾馆与长沙校友会理事成员，围绕长沙校友会发展及学校50年校庆事宜等进行座谈。\n\n长沙校友会会长李湘舟致词，对母校的发展感到由衷的自豪，对母校的关怀表示深深的感谢。他说，在母校50岁生日即将之际，长沙校友要懂得感恩，为母校捐赠颇具意义的生日礼物。要本着“有钱出钱、有力出力、自主自愿”原则，广泛宣传发动，会长带头、理事会成员紧跟，从而带动一大批校友为基金会献爱心。要组织一批在政界、教育界、企业界作出优异成绩的杰出优秀校友，在母校生日当天组团到现场为母校助威助势。与会校友也纷纷表示，将不辜负母校对其的期望和重托，一定会在校庆期间举行校友会活动，组团参加校庆庆典，为母校建设发展作出更大的贡献。\n\n李建奇介绍了近年来学校的系列办学成就。他表示，经过多年艰苦努力，今年列入湖南省“一本”招生，实现了历史性转折。学校坚持“两手抓，两手都要硬”，内抓内涵建设、特色发展，外抓树立形象、扩大影响，均取得了明显成效。学校近些年的快速发展，是历届领导和教职工奋力拼搏的结果，也离不开广大校友的鼎力支持。今年学校将举行建校50周年庆典，热忱欢迎广大校友组团参加。希望大家不忘初心、一如既往地关心、支持学校，为母校的建设发展增砖添瓦。\n\n出席本次会议的理事代表有：夏习锋、高飞跃、王梦辉、石莉波、刘寿华、余孝武、黄勇、熊小平、陈明亮、高鑫、胡俊、刘斌。党委委员李斌、校友办主任李志宏陪同走访。','1616848354017596308','2020-09-11 13:46:40','http://www.hncu.edu.cn/__local/8/48/DE/D7DFFA098435E19CA258A505950_4EAA7FEA_1BDBD.jpg','与会领导专家合影留念。'),
(27,'湖南城市学院广西校友会举行2020年年会','绿树荫浓夏日长，楼台倒影入池塘，水晶帘动微风起，满架蔷薇一院香。2020年8月15日，湖南城市学院广西校友会2020年年会在桂林举行，70余名校友和家属共同参加，学校党委副书记汤放华应邀出席，校友办、土木工程学院相关人员陪同。\n\n下午3点，在超然派酒店举行了校友座谈会。广西校友会会长刘小刚做2019年校友会发展总结发言；校友办卜艳丽介绍校友办联系各地校友会、校友工作和学校五十周年校庆筹备工作情况；土木工程学院原党委副书记陈蜀湘对校友会的组织工作和校友挖掘工作提出了建议。\n\n汤放华副书记着重介绍了学校近年来在人才培养、学科建设、科学研究、校园建设等各方面的发展成就，对广西校友会的组织工作表示肯定，强调校友会的职责是为校友服务、为母校服务。倡导校友间加强信息互通，相互帮助，多关心关注母校发展，尽己所能多为母校贡献。热忱欢迎校友们今年回母校参加建校50周年校庆活动，共襄盛举。\n\n最后，参加座谈会活动的校友们积极发言，回忆了自己的学习和工作经历，为学校和校友会的发展表达自己的想法和意见。\n\n','1616848354017596308','2020-03-12 13:46:40','http://www.hncu.edu.cn/__local/8/48/DE/D7DFFA098435E19CA258A505950_4EAA7FEA_1BDBD.jpg','与会领导专家合影留念。'),
(28,'党委书记罗成翼赴渝出席设计院分院年中会并看望当地校友','（本网讯）8月7日至11日，党委书记罗成翼一行赴重庆出席了湖南城市学院设计研究院有限公司2020年度分院年中总结会，并与当地校友座谈。副校长谭献良、党委委员李斌、产业处、党政办相关负责人陪同参加。\n\n在7日上午举行的设计院分院年中总结会上，设计院常务副院长李志学从疫情防控、复工复产、市场经营、人才培养、管理服务、政策落实、风险防控等方面对上半年分院各项工作进行了全面总结盘点，对存在的问题进行了深刻剖析；13家分院负责人结合各自生产经营、人力资源、财务及技术质量管理方面进行了总结汇报，并提出下半年工作思路。\n\n熊创贤传达了学校关于校办企业改革相关文件精神和政策要求。\n\n谭献良肯定了各分院在面对疫情和国际经济紧张的形势下取得的成绩，希望各分院要积极配合产业改革，提升服务水平；要加强分院管理，提升风险防控责任意识，依法依规开展业务；要充分发挥省外窗口、产教融合基地作用，为学校招生、就业提供平台；要不断加强产品质量管理，创精品工程。\n\n针对当前的经济发展形势，罗成翼从“宏观、中观、微观”三个层面对设计院下阶段工作做了指导。他指出，近年来学校在办学规模、办学环境、人才队伍建设以及核心竞争力方面取得了良好的成绩，真正实现了后发赶超，这其中最重要的推手就是改革。设计院一定要牢牢抓住“改革”这个推手，主动改革，不断激发内生动力和活力，力争更大的成绩。\n\n罗成翼指出，当前整个设计行业面临巨大的挑战，但同时这也是一种机遇，从宏观层面来说，设计院和所有分院要积极面对现阶段国内外严峻形势，集思广益、研究应对方式，特别是要抓住“乡村振兴”“旧城改造”的契机，提前谋划；从中观层面来说，设计院要坚持中小城镇规划这个特色的同时，发展“乡村规划”“智慧城市规划”，以总院搬迁长沙为契机，聚齐人才，延伸服务链条，通过总院带动分院创新协同发展；从微观来说，要加强风险防范，增强法律、政策和内控管理意识，依法依规经营，做到有章可循、有据可依、按章办事、行稳自如、稳中求进，实现规范可持续发展。\n\n下午，罗成翼一行受邀参加了由湖南城市学院重庆校友会举办的部分校友座谈会。近20名来自重庆各领域的杰出校友代表欢聚一堂，共叙师生情，为母校发展建言献策。\n\n焕然一新的校园环境照、振奋人心的核心指标图、丰硕的成果统计表，会上，李斌通过PPT向在座校友们展示了学校近三年来的综合改革情况，特别是在办学定位、人才培养、学科建设、科研创新、社会服务等方面所取得的成就。\n\n学校的快速发展和取得的丰硕成果，也打开了校友们的“话匣子”。“喜提一本”、“建设城市大学”、“特色发展”成为校友们口中的“热词”。在近两个小时的座谈中，校友们畅所欲言，回忆了在校期间的美好时光，倾诉了对母校的思念之情，并结合自己的工作经历和感受对专业建设、师资队伍、课程设置、人才培养、学生工作、招生就业等提出了诸多建设性的意见。\n\n在听取校友们的发言后，罗成翼作了讲话。他首先代表学校对校友们表示亲切问候，对广大校友在渝取得的优异成绩感到自豪。他说，湖南城市学院今年进一步一本招生序列，标志着学校在湖南同类学校中已经处于第一方阵，这与广大校友的支持是密不可分的，当前学校正在全力以赴申报硕士点，希望校友们集思广益、以各种形式支持学校发展，通过全体师生、广大校友的共同努力，为湖南城市学院下一步升格为大学打下优良的基础。\n\n罗成翼指出，2020年是湖南城市学院建校五十周年的日子，这是学校总结发展经验、规划发展未来的一件大事，也是全校师生和广大校友的一件大事。学校目前正在建立一个校友资源平台，这个平台要集成所有校友资源，实行分类管理，使每一个校友都能在这个平台上联系到所在地、所在行业的其他校友，并通过平台相互联系，加强合作。学校也将通过这个平台，把各行各业的优秀校友事迹、创业历程整理成库，用来激励每一个在校生。\n\n罗成翼强调，一所大学很重要的一个资源就是校友资源，校友的发展直接影响着学校的发展。我们要把学校的发展与校友个人的发展紧密联系起来，共同发展。\n\n最后，罗成翼盛情邀请广大校友回母校，共襄校庆盛举。\n\n在渝期间，罗成翼一行还调研了校友创办的多家企业。','1616848354017596308','2020-08-26 13:46:40','http://www.hncu.edu.cn/__local/7/90/18/40AE89044F01E9DFC04DED7A86E_D8A05CE6_2A3B9.png','与会领导专家合影留念。'),
(29,'校长李建奇一行走访上海校友会','本网讯（通讯员 李志宏） 2020年8月15日上午，校长李建奇一行4人赴上海走访看望校友，并在上海万都中心与上海校友会理事成员代表围绕上海校友会发展及学校50年校庆事宜等进行座谈。\n\n会上，李建奇与上海校友会会长、棕榈生态城镇科技（上海）有限公司董事长、建规院优秀校友唐震就国家智慧城市建设标准与学校智慧城市建设现状进行了深入探讨。唐震详细介绍了智慧城市建设的内涵、要求、标准、评价及公司目前的成果，指出了学校智慧城市建设存在的问题及今后的发展方向，希望能与学校加深加强智慧城市建设方面项目攻关、人才共享、资金投入等的合作。\n\n随后，李建奇与上海市杰出科技人才、上海化工研究院有限公司副总工程师、材料与化学工程学院优秀校友曹育才就材化院学科专业、重点实验室建设等进行了深度交流，邀请曹教授到学校讲学，传经送宝，指导材化院学科与专业建设。曹育才欣然接受了邀请，表示只要学校需要，他可以为母校尽自己最大能力做最大贡献。\n\n最后，李建奇以“一年一台阶，四年大变样”向上海校友们总结了学校2016年以来在本科教学审核评估、“双一流”学科、“双一流”专业、硕士点申报、一本招生、学校党建等方面取得的成绩，感谢校友们对学校建设与发展所作的贡献与努力。他希望上海校友会以学校50年校庆为契机，进一步关心关注母校发展，热忱邀请校友们回母校看看。唐震及与会代表均表示，一定会在校庆期间举行校友会活动，派代表参加校庆庆典，并竭力促成几个大的校企校地合作项目落地。\n\n校友办李志宏、学科办汤勇、土木工程学院刘劲等陪同李建奇参加了此次走访活动。唐震、刘琼、蔡加新、夏万国、曹育才、陈庆勋、钟力、任亮霞、高剑、曾伟、何剑辉、张曲等校友参加座谈会。','1616848354017596308','2020-08-26 13:46:40','http://www.hncu.edu.cn/__local/8/EB/09/4B0E19EF0DEA09E1056EB3C3562_78C99531_C4B5D.png','与会领导专家合影留念。'),
(30,'时光不老，青春不散——数学系96级2班毕业20周年聚会','7月21日，理学院数学教育专业96级2班40多位校友，在阔别母校20周年之际，重返校园，又一次见到了曾经的师长、同窗的学友。\n\n班主任孙惠老师主持了茶话会，理学院党总支书记舒谷生、院长陈暑波等领导、老师出席了本次活动。茶话会上，校友们与领导、老师共叙师生情谊，共话人生，共谋发展。会后，40多位校友在学校校友林认领桂花树，挂牌并合影留念。','1616848354017596308','2020-03-12 13:46:40','http://www.hncu.edu.cn/__local/5/C2/5C/64AF55ACC4E1BC446A2A99FD9A1_89AD0C80_1B149.jpg?e=.jpg','与会领导专家合影留念。'),
(31,'长沙校友会理事会议在湖南宾馆举行','2020年7月12日，长沙校友会理事会议在湖南宾馆举行，主要议题是商议学校50周年华诞长沙校友会怎样为母校出力献策。出席本次会议的理事有：李湘舟、夏习锋、王梦辉、石莉波、刘寿华、黄映安、余孝武、彭勇、龚军辉、熊小平、蔡焱、高鑫、文双安、刘斌。受李建奇校长委托，校友办李志宏参加了本次会议。\n\n会议由长沙校友会会长李湘舟主持并致词，感谢母校的精心培养，并发出倡议，号召长沙校友团结一心，回馈母校，同时对母校校庆筹备、校友宣传发动及今后校友工作的开展提了很好的建议。\n\n会上各位理事就庆祝母校校庆相关事宜进行了讨论，达成了初步意向，具体方案拟定后跟学校领导详细汇报。同时推荐07级规划专业校友刘斌，担任校友会秘书长。王梦辉理事做总结发言并向龚军辉秘书长赠送礼物，借中国梦实现我们的城院梦。\n校友办李志宏代表学校感谢长沙全体校友、全体长沙校友会理事，尤其是李湘舟部长长期以来对学校的关注与支持，感谢龚军辉秘书长对长沙校友会成立发展付出的努力，并祝愿龚秘书长在新的岗位鸿图大展，一如既往支持学校建设，向刘斌秘书长表示祝贺，希望刘秘书长紧跟龚秘书长步伐，在李湘舟部长及全体校友理事的支持下，共同把长沙校友会建设好！祝愿各位校友事业蒸蒸日上，万事均安！','1616848354017596308','2020-08-14 13:46:40','http://www.hncu.edu.cn/__local/D/DC/29/B9E3FD907F1667396B3E66D616A_5043F09D_1E8F7.png','与会领导专家合影留念。'),
(32,'上海校友会理事会换届第一次筹备会','2019年5月18日，湖南城市学院上海校友会理事会换届第一次筹备会在上海棕榈集团会议室举行，出席此次会议的校友有周建军、唐震、蔡加新等共19名上海校友会的校友。此次校友会会议暂定议题两项：一、换届工作；二、2019年度主要工作安排。\n\n此次筹备会会议针对换届工作做出了以下三点安排：\n\n  1.通过现会长提名全体参会人员一致同意推举唐震为湖南城市学院上海校友会会长候选人，周建军为名誉会长。\n\n  2.会长执行轮值制，会议选举出轮值会长候选人4名 ，及待定轮值会长若干名，新一届轮值会长候选人名单如下：\n\n    陈庆勋 刘洋 蔡加新 曾学周 1名待定\n\n  3.秘书长候选人：曹中良\n\n另外，根据在场19名校友的综合讨论意见，对本年度的上海校友会工作安排列出了如下几点：\n\n  1.暂定9月份召开校友会，届时邀请学校领导参加并授牌。\n\n  2.定期召开校友座谈会，促进校友间沟通、交流，将校友会发扬光大。\n\n  3.校友会加强与学校的联系和交流，建议学校利用好校友会资源，邀请知名校友回校开展讲座、教学等交流活动。\n\n  4.加强与学校校友办的联系，扩充两大校区校友信息。\n\n  5.起草《关于湖南城市学院在上海成立生态城市研究中心/院的建议书》。\n\n  6.建立上海校友会顾问团。\n\n  7.扩充校友群，制定群规则。\n\n  8.招募有热情有能力的校友加入理事会，协助校友会日常工作的开展。\n\n此次上海校友会理事会换届第一次筹备会充分表明了上海校友会将以饱满的热情，努力搭平台、勤沟通、促交流、谋发展，全心全意为校友、母校服务，共同建设好母校在沪地区校友的温馨家园。','1616848354017596308','2020-08-02 13:46:40','http://www.hncu.edu.cn/__local/7/81/CF/6E1EA321D7362818AB8619E7CA6_37D0021D_10F7F.jpg','与会领导专家合影留念。'),
(33,'湖南城市学院东莞校友会2019年年会举行','时光飞逝，岁月如梭，转眼间忙碌的2018年已过去，充满期待的2019年向我们走来。新的一年，孕育新的目标和希望。湖南城市学院东莞校友会2019年会于1月12日在东莞南城湾畔酒店二楼宴会厅隆重举行，东莞的校友们在此时叙旧情、话衷肠、增友谊欢聚一堂，共度联欢。\n\n首先，由东莞校友会会长黄岐山致开幕贺词。他表示，校友会是凝聚校友深厚情谊的纽带，期待在校友们的共同努力下，为母校、为社会做出更多的贡献。主持人随后一一介绍了校友会的组织成员。他们都是优秀的城院学子，长期以来对母校都十分关心和支持。\n\n    这次东莞校友会不近聚集了东莞的城院学子，来自惠州、深圳的校友也在百忙之中参与了此次庆典。在往年的城市学院广东篮球友谊赛中我们都有着密切的联系和深厚的友谊。\n\n大会上来自各届的城院学子都进行了自我介绍，不同的毕业时间，不同的院系，不同的专业，不同的工作岗位。只因我们都拥有同一个母校湖南城市学院，让我们汇聚在了一起。\n\n年会安排了丰富多彩的文艺表演，精彩纷呈。原湖南城市学院01级的郭小挥师兄带领他的舞蹈团表演了鬼步舞等精彩的舞蹈节目，全场气氛推向高潮。年会中校友们还为大家展现了自己动人的歌喉，一首首经典的歌曲也让现场的气氛十分热烈。\n\n时间的流逝，无法磨灭我们对母校的拳拳之情；空间的距离，不能阻隔我们对校友的深深眷恋。我们无法忘记，跨入校门时求知的渴望；我们难以忘怀，毕业离校时求索的梦想。我们总是想起，同窗校友朗朗的读书声；我们永远铭记，母校老师谆谆的教诲情。此次聚会，凝聚着学校的正确领导，融汇着校友的热切关心。\n\n我们相信：昨天，我们以母校而骄傲，明天，母校因我们而自豪！\n\n（湖南城市学院东莞校友会）','1616848354017596308','2019-07-12 13:46:40','http://www.hncu.edu.cn/__local/D/BE/B5/CE1C5C015A97FC7AE6080B3103E_53662AC3_1A79A.png','与会领导专家合影留念。'),
(34,'湖南城市学院珠海校友会授牌仪式成功举行','2018年12月15日，湖南城市学院珠海校友会授牌仪式在珠海市香洲区大宅门成功举行。湖南城市学院党委委员副校长雷存喜、校友联络办副主任李志宏出席了本次授牌仪式。\n\n授牌仪式上，雷存喜副校长代表学校党委行政对校友会成立表示祝贺，并着重对学校第三次党代会以来改革发展成就作了简洁而又不失隆重的介绍，希望全体校友一如既往关心支持学校发展，最后祝校友会越办越好，所有校友越来越好。副会长义红社先生宣读湖南城市学院珠海校友会章程。李志宏副主任宣读了湖南城市学院珠海校友会第一届成员理事会名单。最后，会长陈刚先生代表珠海校友会第一届理事会对校友会的工作作了安排，提出了展望。在各位珠海校友以及社会各界人士的见证下，雷存喜副校长代表湖南城市学院为珠海校友会进行了授牌，并与全体校友合影留念。\n\n此次珠海校友会授牌仪式的举行，有利于校友会积极发挥沟通母校与校友的交流作用，发挥母校温暖校友的传情作用，发挥校友共商母校发展大计的智囊作用，发挥组织校友用各类方式回报母校的协调作用，发挥促进校友在自身的事业领域蓬勃发展的助推作用，使母校与校友在感情和事业上联系更加紧密，互动更加有力。','1616848354017596308','2018-07-14 13:46:40','http://www.hncu.edu.cn/__local/2/8D/2C/7B88854C40EE3018DF1E1421844_61553D48_20EDB.jpg','与会领导专家合影留念。');

/*Table structure for table `user_info` */

DROP TABLE IF EXISTS `user_info`;

CREATE TABLE `user_info` (
  `userid` varchar(64) NOT NULL COMMENT '用户id',
  `username` varchar(255) NOT NULL COMMENT '用户昵称',
  `password` varchar(255) DEFAULT '1cd75ca00db28072479992f87d4a647e' COMMENT '用户密码',
  `mobilephone` varchar(255) DEFAULT '18888888888' COMMENT '手机号',
  `email` varchar(255) DEFAULT 'xxxxx@qq.com' COMMENT '用户邮箱',
  `uimage` varchar(255) DEFAULT '/pic/head/7.png' COMMENT '用户头像',
  `sex` varchar(255) DEFAULT '男' COMMENT '用户性别',
  `school` varchar(255) DEFAULT '湖南城市学院' COMMENT '学校',
  `faculty` varchar(255) DEFAULT '市政与测绘工程学院' COMMENT '院系',
  `startime` varchar(4) DEFAULT '2017' COMMENT '入学时间',
  `userstatus` int(10) DEFAULT '1' COMMENT '1正常 0封号',
  `createtime` timestamp NULL DEFAULT CURRENT_TIMESTAMP COMMENT '注册时间',
  `status` varchar(255) DEFAULT 'offline' COMMENT '用户在线状态',
  `sign` varchar(255) DEFAULT '这是系统默认你生成的签名' COMMENT '签名',
  `name` varchar(255) DEFAULT '未设置' COMMENT '真实姓名',
  `schoolNumber` int(10) DEFAULT '2017050363' COMMENT '学籍号',
  `classNumber` varchar(20) DEFAULT '1702401' COMMENT '班级-学号',
  `address` varchar(255) DEFAULT '湖南省益阳市赫山区' COMMENT '当前住址',
  `homeAddress` varchar(255) DEFAULT '湖南省益阳市赫山区' COMMENT '家乡地址',
  `workAddress` varchar(255) DEFAULT '湖南省益阳市赫山区' COMMENT '工作地址',
  `company` varchar(255) DEFAULT '湖南xxx科技公司' COMMENT '公司名称',
  `position` varchar(255) DEFAULT '实习生' COMMENT '职位',
  `speciality` varchar(255) DEFAULT '地理信息科学'
) ENGINE=InnoDB DEFAULT CHARSET=utf8mb4;

/*Data for the table `user_info` */

insert  into `user_info`(`userid`,`username`,`password`,`mobilephone`,`email`,`uimage`,`sex`,`school`,`faculty`,`startime`,`userstatus`,`createtime`,`status`,`sign`,`name`,`schoolNumber`,`classNumber`,`address`,`homeAddress`,`workAddress`,`company`,`position`,`speciality`) values 
('1589628308220845788','admin','1cd75ca00db28072479992f87d4a647e','admin','1193804498@qq.com','/pic/head/1.png','男','湖南城市学院','市政与测绘工程学院','2017',1,'2021-03-27 15:03:12','offline','这是系统默认你生成的签名','ldd',0,'1702401','山东省菏泽市郓城县','山东省菏泽市郓城县','湖南','无','实习生','地理信息科学'),
('1589644044287166342','张仪柔','1cd75ca00db28072479992f87d4a647e','18865015355','1193804498@qq.com','/pic/head/5.png','男','湖南城市学院','市政与测绘工程学院','2017',1,'2021-03-27 15:03:12','offline','这是系统默认你生成的签名','张仪柔',201750363,'1702401','山东省菏泽市郓城县','山东省菏泽市郓城县','湖南','无','实习生','地理信息科学'),
('1589628308220845788','贺梓杰','1cd75ca00db28072479992f87d4a647e','18865015355','1193804498@qq.com','/pic/head/6.png','男','湖南城市学院','市政与测绘工程学院','2017',1,'2021-03-27 15:03:12','offline','这是系统默认你生成的签名','贺梓杰',0,'1702401','山东省菏泽市郓城县','山东省菏泽市郓城县','湖南','无','实习生','地理信息科学'),
('1589627579283677652','郭逸凡','1cd75ca00db28072479992f87d4a647e','18865015355','1193804498@qq.com','/pic/head/7.png','男','湖南城市学院','市政与测绘工程学院','2017',1,'2021-03-27 15:03:12','offline','这是系统默认你生成的签名','郭逸凡',201750363,'1702401','山东省菏泽市郓城县','山东省菏泽市郓城县','湖南','无','实习生','地理信息科学'),
('1587889073148226284','饶浚节','1cd75ca00db28072479992f87d4a647e','18865015355','1193804498@qq.com','/pic/head/8.png','男','湖南城市学院','市政与测绘工程学院','2017',1,'2021-03-27 15:03:12','offline','这是系统默认你生成的签名','饶浚节',201750363,'1702401','山东省菏泽市郓城县','山东省菏泽市郓城县','湖南','无','实习生','地理信息科学'),
('1582184795951594874','夏利强','1cd75ca00db28072479992f87d4a647e','18865015355','1193804498@qq.com','/pic/head/9.png','男','湖南城市学院','市政与测绘工程学院','2017',1,'2021-03-27 15:03:12','offline','这是系统默认你生成的签名','夏利强',0,'1702401','山东省菏泽市郓城县1','山东省菏泽市郓城县','湖南','无','实习生','地理信息科学'),
('1621842484615841542','刘冬冬','1cd75ca00db28072479992f87d4a647e','18865015355','1193804498@qq.com','/pic/head/11.png','男','湖南城市学院','市政与测绘工程学院','2017',1,'2021-03-27 15:03:12','offline','这是系统默认你生成的签名','刘冬冬',0,'1702401','山东省菏泽市郓城县','山东省菏泽市郓城县','湖南','无','实习生','地理信息科学'),
('1621650070527615077','卜格','1cd75ca00db28072479992f87d4a647e','18865015355','1193804498@qq.com','/pic/head/12.png','男','湖南城市学院','市政与测绘工程学院','2017',1,'2021-03-27 15:03:12','offline','这是系统默认你生成的签名','卜格',201750363,'1702401','山东省菏泽市郓城县','山东省菏泽市郓城县','湖南','无','实习生','地理信息科学'),
('1620628576794344100','向洋','1cd75ca00db28072479992f87d4a647e','18865015355','1193804498@qq.com','/pic/head/13.png','男','湖南城市学院','市政与测绘工程学院','2017',1,'2021-03-27 15:03:12','offline','这是系统默认你生成的签名','向洋',201750363,'1702401','山东省菏泽市郓城县','山东省菏泽市郓城县','湖南','无','实习生','地理信息科学'),
('1620556807426665840','包其奇','1cd75ca00db28072479992f87d4a647e','18865015355','1193804498@qq.com','/pic/head/1.png','男','湖南城市学院','市政与测绘工程学院','2017',1,'2021-03-27 15:03:12','offline','这是系统默认你生成的签名','包其奇',201750363,'1702401','山东省菏泽市郓城县','山东省菏泽市郓城县','湖南','无','实习生','地理信息科学'),
('1620556763171478434','李佳来','1cd75ca00db28072479992f87d4a647e','18865015355','1193804498@qq.com','/pic/head/2.png','男','湖南城市学院','市政与测绘工程学院','2017',1,'2021-03-27 15:03:12','offline','这是系统默认你生成的签名','李佳来',201750363,'1702401','山东省菏泽市郓城县','山东省菏泽市郓城县','湖南','无','实习生','地理信息科学'),
('1619272392944817875','唐倩','1cd75ca00db28072479992f87d4a647e','18865015351','1193804498@qq.com','/pic/head/4.png','男','湖南城市学院','市政与测绘工程学院','2017',1,'2021-05-22 10:21:10','offline','这是系统默认你生成的签名','唐倩',201750363,'1702401','山东省菏泽市郓城县','湖南省益阳市赫山区','湖南','无','实习生','地理信息科学'),
('1616848354017596308','徐震','1cd75ca00db28072479992f87d4a647e','18888888888','312@qq.com','/pic/head/4.png','男','湖南城市学院','市政与测绘工程学院','2017',1,'2021-05-10 16:09:09','offline','这是系统默认你生成的签名','徐震',0,'1702401','山东省菏泽市郓城县','湖南省益阳市赫山区','湖南','无','实习生','地理信息科学'),
('1589694955949934523','刘冬冬-1','1cd75ca00db28072479992f87d4a647e','18865015356','1193802@qq.com','/pic/head/9.png','男','湖南城市学院','湖南城市学院','',1,'2021-05-24 15:48:04','offline','如此清秋何吝酒，这般明月不须钱','刘冬冬',0,'1702401','山东省菏泽市郓城县','湖南省益阳市赫山区','湖南','无','实习生','地理信息科学'),
('1622767775990369106','刘冬冬-2','1cd75ca00db28072479992f87d4a647e','18865015455','11938044222@qq.com','/pic/head/7.png','男','湖南城市学院','','',1,'2021-06-04 08:49:35','offline','如此清秋何吝酒，这般明月不须钱','刘冬冬-2',0,'1702401','','湖南省益阳市赫山区','','','','地理信息科学'),
('1622768076245155194','刘冬冬-3','1cd75ca00db28072479992f87d4a647e','18865015784','12345622@qq.com','/pic/head/2.png','男','湖南城市学院','','',1,'2021-06-04 08:54:36','offline','如此清秋何吝酒，这般明月不须钱','刘冬冬-3',0,'1702401','','湖南省益阳市赫山区','','','','地理信息科学'),
('1622769205575844009','刘冬冬-4','1cd75ca00db28072479992f87d4a647e','18865015213','11111@qq.com','/pic/d1d66c3ea71044a9b938b00859ca94df.jpg','男','湖南城市学院','','',1,'2021-06-04 09:13:25','offline','如此清秋何吝酒，这般明月不须钱','刘冬冬-4',0,'1702401','','湖南省益阳市赫山区','','','','地理信息科学'),
('1622770056081878931','刘冬冬-5','de144fa0101f5e3519d150393709dab4','18865025355','2@qq.com','/pic/head/2.png','男','湖南城市学院','','',1,'2021-06-04 09:27:36','offline','如此清秋何吝酒，这般明月不须钱','未设置',0,'1702401','','湖南省益阳市赫山区','','','','地理信息科学'),
('1622771310284775083','刘冬冬5','1cd75ca00db28072479992f87d4a647e','11865015355','1111@qq.com','/pic/head/2.png','男','湖南城市学院','','',0,'2021-06-04 09:48:30','offline','如此清秋何吝酒，这般明月不须钱','刘冬冬5',0,'1702401','','湖南省益阳市赫山区','','','','地理信息科学'),
('1622771647101405863','刘冬冬7','1cd75ca00db28072479992f87d4a647e','18867015355','111@qq.com','/pic/head/2.png','男','湖南城市学院','','',1,'2021-06-04 09:54:07','offline','如此清秋何吝酒，这般明月不须钱','刘冬冬7',0,'1702401','','湖南省益阳市赫山区','','','','地理信息科学'),
('1622771834289894992','刘冬冬9','1cd75ca00db28072479992f87d4a647e','18865015055','112@qq.com','/pic/head/2.png','男','湖南城市学院','','',0,'2021-06-04 09:57:14','offline','如此清秋何吝酒，这般明月不须钱','刘冬冬9',0,'1702401','','湖南省益阳市赫山区','','','','地理信息科学');

/*Table structure for table `user_perm` */

DROP TABLE IF EXISTS `user_perm`;

CREATE TABLE `user_perm` (
  `roleid` int(10) DEFAULT NULL COMMENT '1??ͨ?û? 2????Ա 3????????Ա',
  `perms` varchar(255) DEFAULT NULL COMMENT '??ӦȨ??',
  `mean` varchar(255) DEFAULT NULL COMMENT 'Ȩ?޽???'
) ENGINE=InnoDB DEFAULT CHARSET=utf8mb4;

/*Data for the table `user_perm` */

insert  into `user_perm`(`roleid`,`perms`,`mean`) values 
(1,'user:userinfo','用户个人信息'),
(3,'admin:set','设置管理员'),
(2,'user:userinfo','用户个人信息');

/*Table structure for table `user_role` */

DROP TABLE IF EXISTS `user_role`;

CREATE TABLE `user_role` (
  `userid` varchar(64) NOT NULL DEFAULT '' COMMENT '?û?id',
  `roleid` int(10) NOT NULL DEFAULT '1' COMMENT '1??ͨ?û? 2????Ա 3????????Ա',
  `identity` varchar(255) DEFAULT NULL COMMENT '????'
) ENGINE=InnoDB DEFAULT CHARSET=utf8mb4;

/*Data for the table `user_role` */

insert  into `user_role`(`userid`,`roleid`,`identity`) values 
('1589628308220845788',3,'超级管理员'),
('1582184795951594874',1,'网站用户'),
('1587889073148226284',1,'网站用户'),
('1577713712942250291',1,'网站用户'),
('1589627579283677652',1,'网站用户'),
('1589644044287166342',1,'网站用户'),
('1589694955949934523',1,'网站用户'),
('1616848354017596308',1,'网站用户'),
('1619272392944817875',1,'网站用户'),
('1620556763171478434',1,'网站用户'),
('1620556807426665840',1,'网站用户'),
('1620628576794344100',1,'网站用户'),
('1621650070527615077',1,'网站用户'),
('1621842484615841542',1,'网站用户'),
('1622767775990369106',1,'网站用户'),
('1622768076245155194',1,'网站用户'),
('1622769205575844009',1,'网站用户'),
('1622769307005337926',1,'网站用户'),
('1622769497702180885',1,'网站用户'),
('1622769615601812673',1,'网站用户'),
('1622769883023818583',1,'网站用户'),
('1622770056081878931',1,'网站用户'),
('1622771310284775083',1,'网站用户'),
('1622771485960311702',1,'网站用户'),
('1622771647101405863',1,'网站用户'),
('1622771834289894992',1,'网站用户');

/*!40101 SET SQL_MODE=@OLD_SQL_MODE */;
/*!40014 SET FOREIGN_KEY_CHECKS=@OLD_FOREIGN_KEY_CHECKS */;
/*!40014 SET UNIQUE_CHECKS=@OLD_UNIQUE_CHECKS */;
/*!40111 SET SQL_NOTES=@OLD_SQL_NOTES */;
